Bus_name,Bus_type,Start_time,End_time,Total_duration,Price,Seats_Available,Ratings,Route_link,Route_name
Jain travels regd,NON A/C Sleeper (2+1),16:15,21:10,04h 55m,INR 700,19 Seats available,3.1,https://www.redbus.in/bus-tickets/jodhpur-to-ajmer,Jodhpur to Ajmer
Jain travels regd,NON AC Seater/ Sleeper (2+1),17:00,22:55,05h 55m,INR 330,32 Seats available,3.1,https://www.redbus.in/bus-tickets/jodhpur-to-ajmer,Jodhpur to Ajmer
Om Travels,NON AC Seater / Sleeper 2+1,18:00,23:10,05h 10m,INR 400,33 Seats available,3.2,https://www.redbus.in/bus-tickets/jodhpur-to-ajmer,Jodhpur to Ajmer
B.R. Travels,AC Sleeper (2+1),18:30,23:00,04h 30m,INR 600,26 Seats available,4.3,https://www.redbus.in/bus-tickets/jodhpur-to-ajmer,Jodhpur to Ajmer
Jain travels regd,NON AC Seater / Sleeper 2+1,19:00,23:50,04h 50m,INR 330,42 Seats available,3.1,https://www.redbus.in/bus-tickets/jodhpur-to-ajmer,Jodhpur to Ajmer
FlixBus,A/C Sleeper (2+1),19:00,23:50,04h 50m,INR 170,28 Seats available,"5.0
12",https://www.redbus.in/bus-tickets/jodhpur-to-ajmer,Jodhpur to Ajmer
Jain travels regd,NON AC Seater / Sleeper 2+1,19:00,23:36,04h 36m,INR 330,39 Seats available,3.1,https://www.redbus.in/bus-tickets/jodhpur-to-ajmer,Jodhpur to Ajmer
Chanakya Travels Agency,NON A/C Seater/ Sleeper (2+1),20:30,01:15,04h 45m,INR 500,40 Seats available,3.7,https://www.redbus.in/bus-tickets/jodhpur-to-ajmer,Jodhpur to Ajmer
Jain travels regd,NON AC Seater / Sleeper 2+1,20:30,01:30,05h 00m,INR 330,48 Seats available,3.1,https://www.redbus.in/bus-tickets/jodhpur-to-ajmer,Jodhpur to Ajmer
Jakhar Travels And Cargo,Non A/C Seater / Sleeper (2+1),21:45,03:45,06h 00m,INR 400,34 Seats available,3.6,https://www.redbus.in/bus-tickets/jodhpur-to-ajmer,Jodhpur to Ajmer
Jain travels regd,A/C Seater / Sleeper (2+1),17:20,20:45,03h 25m,INR 300,29 Seats available,3.5,https://www.redbus.in/bus-tickets/beawer-to-jaipur,Beawar (Rajasthan) to Jaipur (Rajasthan)
Jain travels regd,NON AC Seater / Sleeper 2+1,17:36,21:25,03h 49m,INR 400,40 Seats available,3.5,https://www.redbus.in/bus-tickets/beawer-to-jaipur,Beawar (Rajasthan) to Jaipur (Rajasthan)
Om Travels,A/C Seater / Sleeper (2+1),19:00,23:30,04h 30m,INR 600,36 Seats available,3.2,https://www.redbus.in/bus-tickets/beawer-to-jaipur,Beawar (Rajasthan) to Jaipur (Rajasthan)
Jain travels regd,NON AC Seater / Sleeper 2+1,19:30,23:00,03h 30m,INR 350,42 Seats available,3.5,https://www.redbus.in/bus-tickets/beawer-to-jaipur,Beawar (Rajasthan) to Jaipur (Rajasthan)
Devraj Travels,Bharat Benz A/C Seater /Sleeper (2+1),21:20,23:59,02h 39m,INR 500,38 Seats available,3.4,https://www.redbus.in/bus-tickets/beawer-to-jaipur,Beawar (Rajasthan) to Jaipur (Rajasthan)
Pandit Travels,NON AC Seater / Sleeper 2+1,21:45,01:15,03h 30m,INR 500,36 Seats available,3.9,https://www.redbus.in/bus-tickets/beawer-to-jaipur,Beawar (Rajasthan) to Jaipur (Rajasthan)
Dashmesh Travels,A/C Seater / Sleeper (2+1),21:45,01:15,03h 30m,555,27 Seats available,3.4,https://www.redbus.in/bus-tickets/beawer-to-jaipur,Beawar (Rajasthan) to Jaipur (Rajasthan)
Jain travels regd,NON AC Seater/ Sleeper (2+1),21:45,01:15,03h 30m,INR 300,41 Seats available,3.5,https://www.redbus.in/bus-tickets/beawer-to-jaipur,Beawar (Rajasthan) to Jaipur (Rajasthan)
Om Travels,NON AC Seater / Sleeper 2+1,22:10,01:45,03h 35m,INR 400,33 Seats available,3.2,https://www.redbus.in/bus-tickets/beawer-to-jaipur,Beawar (Rajasthan) to Jaipur (Rajasthan)
Jain travels regd,NON AC Seater / Sleeper 2+1,22:21,01:57,03h 36m,INR 350,39 Seats available,3.5,https://www.redbus.in/bus-tickets/beawer-to-jaipur,Beawar (Rajasthan) to Jaipur (Rajasthan)
M R Travels,Volvo Multi-Axle I-Shift B11R Semi Sleeper (2+2),17:10,21:55,04h 45m,INR 475,22 Seats available,"4.5
413",https://www.redbus.in/bus-tickets/udaipur-to-jodhpur,Udaipur to Jodhpur
Shree Devnarayan Travels,Bharat Benz A/C Seater (2+1),17:00,21:30,04h 30m,INR 550,17 Seats available,"4.5
279",https://www.redbus.in/bus-tickets/udaipur-to-jodhpur,Udaipur to Jodhpur
Jain travels regd,A/C Seater / Sleeper (2+1),21:30,04:30,07h 00m,INR 460,34 Seats available,"4.2
245",https://www.redbus.in/bus-tickets/udaipur-to-jodhpur,Udaipur to Jodhpur
Jakhar Travels,A/C Seater / Sleeper (2+1),22:00,04:30,06h 30m,INR 457,5 Seats available,"3.9
259",https://www.redbus.in/bus-tickets/udaipur-to-jodhpur,Udaipur to Jodhpur
Raj Travel,A/C Sleeper (2+1),22:30,05:30,07h 00m,INR 550,19 Seats available,"4.8
36",https://www.redbus.in/bus-tickets/udaipur-to-jodhpur,Udaipur to Jodhpur
Jain travels regd,NON AC Seater / Sleeper 2+1,22:00,04:00,06h 00m,INR 350,41 Seats available,"3.3
81",https://www.redbus.in/bus-tickets/udaipur-to-jodhpur,Udaipur to Jodhpur
Kalpana Travels,NON AC Seater / Sleeper 2+1,22:00,04:54,06h 54m,INR 300,24 Seats available,"4.0
91",https://www.redbus.in/bus-tickets/udaipur-to-jodhpur,Udaipur to Jodhpur
Rishabh Travels Milan,A/C Seater / Sleeper (2+1),21:00,02:15,05h 15m,INR 500,22 Seats available,"3.9
16",https://www.redbus.in/bus-tickets/udaipur-to-jodhpur,Udaipur to Jodhpur
Jain Parshwanath Travels,NON A/C Sleeper (2+1),22:31,04:58,06h 27m,INR 450,24 Seats available,"2.1
139",https://www.redbus.in/bus-tickets/udaipur-to-jodhpur,Udaipur to Jodhpur
Jain travels regd,NON AC Seater / Sleeper 2+1,22:15,05:00,06h 45m,INR 350,21 Seats available,"2.8
20",https://www.redbus.in/bus-tickets/udaipur-to-jodhpur,Udaipur to Jodhpur
Jain travels regd,A/C Seater / Sleeper (2+1),22:30,05:05,06h 35m,INR 450,18 Seats available,"4.4
522",https://www.redbus.in/bus-tickets/jaipur-to-jodhpur,Jaipur (Rajasthan) to Jodhpur
M R Travels,A/C Seater / Sleeper (2+1),22:30,05:30,07h 00m,INR 500,24 Seats available,"4.4
358",https://www.redbus.in/bus-tickets/jaipur-to-jodhpur,Jaipur (Rajasthan) to Jodhpur
Gajraj Travels,A/C Sleeper (2+1),22:15,05:35,07h 20m,INR 600,10 Seats available,"4.5
455",https://www.redbus.in/bus-tickets/jaipur-to-jodhpur,Jaipur (Rajasthan) to Jodhpur
Jain travels regd,A/C Seater / Sleeper (2+1),23:00,06:00,07h 00m,INR 450,20 Seats available,"4.2
254",https://www.redbus.in/bus-tickets/jaipur-to-jodhpur,Jaipur (Rajasthan) to Jodhpur
M R Travels,A/C Sleeper (2+1),23:25,06:10,06h 45m,INR 650,8 Seats available,"3.8
129",https://www.redbus.in/bus-tickets/jaipur-to-jodhpur,Jaipur (Rajasthan) to Jodhpur
Jakhar Travels,A/C Sleeper (2+1),21:00,03:50,06h 50m,INR 600,13 Seats available,"2.9
38",https://www.redbus.in/bus-tickets/jaipur-to-jodhpur,Jaipur (Rajasthan) to Jodhpur
Bhagwati Travels and Tours,A/C Seater/Sleeper (2+1),18:00,00:30,06h 30m,INR 400,10 Seats available,"2.4
22",https://www.redbus.in/bus-tickets/jaipur-to-jodhpur,Jaipur (Rajasthan) to Jodhpur
Kalpana Travels Pvt. Ltd.,AC Sleeper (2+1),23:00,07:00,08h 00m,INR 500,17 Seats available,"3.1
7",https://www.redbus.in/bus-tickets/jaipur-to-jodhpur,Jaipur (Rajasthan) to Jodhpur
Jakhar Travels And Cargo,A/C Sleeper (2+1),21:00,03:40,06h 40m,INR 600,19 Seats available,"2.9
16",https://www.redbus.in/bus-tickets/jaipur-to-jodhpur,Jaipur (Rajasthan) to Jodhpur
Jain Shiv Shankar Travels,NON A/C Seater/ Sleeper (2+1),20:20,03:50,07h 30m,INR 400,24 Seats available,"2.4
7",https://www.redbus.in/bus-tickets/jaipur-to-jodhpur,Jaipur (Rajasthan) to Jodhpur
Vijay Tour and Travels,Bharat Benz A/C Seater /Sleeper (2+1),18:45,21:40,02h 55m,278,38 Seats available,3.5,https://www.redbus.in/bus-tickets/sikar-to-jaipur,Sikar to Jaipur (Rajasthan)
New Babu Travels,A/C Seater/Sleeper (2+1),19:45,23:00,03h 15m,INR 351.43,18 Seats available,3.4,https://www.redbus.in/bus-tickets/sikar-to-jaipur,Sikar to Jaipur (Rajasthan)
Jai Shrinath Ji Ki ® Travels,Non A/C Seater / Sleeper (2+1),20:00,22:30,02h 30m,INR 200,33 Seats available,3.9,https://www.redbus.in/bus-tickets/sikar-to-jaipur,Sikar to Jaipur (Rajasthan)
Vijay Tour and Travels,A/C Seater / Sleeper (2+1),20:00,23:00,03h 00m,278,40 Seats available,3.5,https://www.redbus.in/bus-tickets/sikar-to-jaipur,Sikar to Jaipur (Rajasthan)
Rishabh travels,Bharat Benz A/C Sleeper (2+1),20:04,23:31,03h 27m,270,30 Seats available,3.5,https://www.redbus.in/bus-tickets/sikar-to-jaipur,Sikar to Jaipur (Rajasthan)
Neeraj travels,A/C Seater / Sleeper (2+1),20:40,23:20,02h 40m,333,30 Seats available,3.4,https://www.redbus.in/bus-tickets/sikar-to-jaipur,Sikar to Jaipur (Rajasthan)
Dashmesh Travels,A/C Seater / Sleeper (2+1),21:00,23:00,02h 00m,370,22 Seats available,3.4,https://www.redbus.in/bus-tickets/sikar-to-jaipur,Sikar to Jaipur (Rajasthan)
Sagwan Travels,A/C Seater / Sleeper (2+1),17:40,20:10,02h 30m,285,15 Seats available,"2.7
6",https://www.redbus.in/bus-tickets/sikar-to-jaipur,Sikar to Jaipur (Rajasthan)
Ajay Raj Travel Agency,A/C Seater / Sleeper (2+1),19:00,22:15,03h 15m,188,39 Seats available,2.3,https://www.redbus.in/bus-tickets/sikar-to-jaipur,Sikar to Jaipur (Rajasthan)
Sagwan Travels,Bharat Benz A/C Seater /Sleeper (2+1),20:00,22:30,02h 30m,285,14 Seats available,2.7,https://www.redbus.in/bus-tickets/sikar-to-jaipur,Sikar to Jaipur (Rajasthan)
Rinku Travels,A/C Seater / Sleeper (2+1),17:30,21:00,03h 30m,INR 350,41 Seats available,3.3,https://www.redbus.in/bus-tickets/kishangarh-to-jaipur,Kishangarh to Jaipur (Rajasthan)
Mahalaxmi Travels,Bharat Benz A/C Seater /Sleeper (2+1),18:30,21:30,03h 00m,INR 299,39 Seats available,3.6,https://www.redbus.in/bus-tickets/kishangarh-to-jaipur,Kishangarh to Jaipur (Rajasthan)
Jain travels regd,A/C Seater / Sleeper (2+1),18:45,20:45,02h 00m,INR 300,40 Seats available,3.9,https://www.redbus.in/bus-tickets/kishangarh-to-jaipur,Kishangarh to Jaipur (Rajasthan)
Jain travels regd,NON AC Seater/ Sleeper (2+1),23:15,01:15,02h 00m,INR 250,41 Seats available,3.9,https://www.redbus.in/bus-tickets/kishangarh-to-jaipur,Kishangarh to Jaipur (Rajasthan)
RR Travels,A/C Seater / Sleeper (2+1),22:35,00:55,02h 20m,INR 250,41 Seats available,2.1,https://www.redbus.in/bus-tickets/kishangarh-to-jaipur,Kishangarh to Jaipur (Rajasthan)
SHRI KRISHNA TRAVELS (JAI SHREE GANESH YATRA CO.),VE A/C Seater / Sleeper (2+1),17:00,20:00,03h 00m,INR 1199,40 Seats available,3.7,https://www.redbus.in/bus-tickets/kishangarh-to-jaipur,Kishangarh to Jaipur (Rajasthan)
Raaj Rath Travels Co.,A/C Sleeper (2+1),17:45,21:15,03h 30m,INR 750,10 Seats available,3.4,https://www.redbus.in/bus-tickets/kishangarh-to-jaipur,Kishangarh to Jaipur (Rajasthan)
Pooja Paraswnath Travels,AC Sleeper (2+1),17:55,19:33,01h 38m,INR 1571.43,36 Seats available,3.4,https://www.redbus.in/bus-tickets/kishangarh-to-jaipur,Kishangarh to Jaipur (Rajasthan)
Anshi Raj Shree Travels,Bharat Benz A/C Seater /Sleeper (2+1),18:30,21:15,02h 45m,462,36 Seats available,4,https://www.redbus.in/bus-tickets/kishangarh-to-jaipur,Kishangarh to Jaipur (Rajasthan)
Shri Charbhuja Travels (A Unit Of Bala Agri..),A/C Seater / Sleeper (2+1),18:36,20:51,02h 15m,INR 952.38,41 Seats available,3.7,https://www.redbus.in/bus-tickets/kishangarh-to-jaipur,Kishangarh to Jaipur (Rajasthan)
Rinku Travels,A/C Seater / Sleeper (2+1),21:15,06:00,08h 45m,INR 600,9 Seats available,"3.7
63",https://www.redbus.in/bus-tickets/aligarh-uttar-pradesh-to-jaipur,Aligarh (uttar pradesh) to Jaipur (Rajasthan)
Rinku Travels,A/C Seater / Sleeper (2+1),21:30,05:20,07h 50m,INR 400,8 Seats available,"3.0
32",https://www.redbus.in/bus-tickets/aligarh-uttar-pradesh-to-jaipur,Aligarh (uttar pradesh) to Jaipur (Rajasthan)
SHAGUN CARGO & TRAVELS,A/C Sleeper (2+1),23:55,05:15,05h 20m,555,31 Seats available,"1.2
5",https://www.redbus.in/bus-tickets/aligarh-uttar-pradesh-to-jaipur,Aligarh (uttar pradesh) to Jaipur (Rajasthan)
SHAGUN CARGO & TRAVELS,A/C Sleeper (2+1),23:55,07:00,07h 05m,740,8 Seats available,1.2,https://www.redbus.in/bus-tickets/aligarh-uttar-pradesh-to-jaipur,Aligarh (uttar pradesh) to Jaipur (Rajasthan)
M R Travels,NON A/C Seater/ Sleeper (2+1),17:00,21:25,04h 25m,INR 400,37 Seats available,3.8,https://www.redbus.in/bus-tickets/jodhpur-to-beawer,Jodhpur to Beawar (Rajasthan)
Jain travels regd,NON AC Seater/ Sleeper (2+1),17:00,21:45,04h 45m,INR 270,42 Seats available,3.9,https://www.redbus.in/bus-tickets/jodhpur-to-beawer,Jodhpur to Beawar (Rajasthan)
M R Travels,NON A/C Sleeper (2+1),17:55,22:15,04h 20m,INR 500,35 Seats available,3.8,https://www.redbus.in/bus-tickets/jodhpur-to-beawer,Jodhpur to Beawar (Rajasthan)
Om Travels,NON AC Seater / Sleeper 2+1,18:00,22:10,04h 10m,INR 400,33 Seats available,3.2,https://www.redbus.in/bus-tickets/jodhpur-to-beawer,Jodhpur to Beawar (Rajasthan)
M R Travels,NON A/C Seater/ Sleeper (2+1),18:30,22:30,04h 00m,INR 450,35 Seats available,3.8,https://www.redbus.in/bus-tickets/jodhpur-to-beawer,Jodhpur to Beawar (Rajasthan)
Jain travels regd,NON AC Seater / Sleeper 2+1,19:00,22:55,03h 55m,INR 270,42 Seats available,3.9,https://www.redbus.in/bus-tickets/jodhpur-to-beawer,Jodhpur to Beawar (Rajasthan)
CHANDRA RAJ TRAVELS,A/C Seater / Sleeper (2+1),19:00,00:45,05h 45m,INR 370,36 Seats available,3.3,https://www.redbus.in/bus-tickets/jodhpur-to-beawer,Jodhpur to Beawar (Rajasthan)
FlixBus,A/C Sleeper (2+1),19:00,23:00,04h 00m,INR 141,33 Seats available,4,https://www.redbus.in/bus-tickets/jodhpur-to-beawer,Jodhpur to Beawar (Rajasthan)
Jain travels regd,NON AC Seater / Sleeper 2+1,19:00,22:21,03h 21m,INR 270,39 Seats available,3.9,https://www.redbus.in/bus-tickets/jodhpur-to-beawer,Jodhpur to Beawar (Rajasthan)
Om Travels,NON AC Seater / Sleeper 2+1,20:00,23:30,03h 30m,INR 450,38 Seats available,3.2,https://www.redbus.in/bus-tickets/jodhpur-to-beawer,Jodhpur to Beawar (Rajasthan)
Vijay Tour and Travels,Bharat Benz A/C Seater / Sleeper (2+2),18:00,22:40,04h 40m,324,21 Seats available,"4.1
305",https://www.redbus.in/bus-tickets/kota-rajasthan-to-jaipur,Kota(Rajasthan) to Jaipur (Rajasthan)
Jakhar Travels,A/C Seater / Sleeper (2+1),23:59,06:00,06h 01m,INR 333,12 Seats available,"3.6
134",https://www.redbus.in/bus-tickets/kota-rajasthan-to-jaipur,Kota(Rajasthan) to Jaipur (Rajasthan)
Babu Travels,A/C Seater / Sleeper (2+1),17:30,22:00,04h 30m,359,15 Seats available,"3.6
100",https://www.redbus.in/bus-tickets/kota-rajasthan-to-jaipur,Kota(Rajasthan) to Jaipur (Rajasthan)
Babu Travels,NON A/C Seater/ Sleeper (2+1),23:00,05:05,06h 05m,INR 300,20 Seats available,"3.3
143",https://www.redbus.in/bus-tickets/kota-rajasthan-to-jaipur,Kota(Rajasthan) to Jaipur (Rajasthan)
Mahalaxmi Travels,Bharat Benz A/C Seater /Sleeper (2+1),17:00,22:15,05h 15m,308,19 Seats available,"3.7
285",https://www.redbus.in/bus-tickets/kota-rajasthan-to-jaipur,Kota(Rajasthan) to Jaipur (Rajasthan)
Navrang Travels,A/C Seater / Sleeper (2+1),23:00,04:30,05h 30m,278,37 Seats available,"2.2
125",https://www.redbus.in/bus-tickets/kota-rajasthan-to-jaipur,Kota(Rajasthan) to Jaipur (Rajasthan)
Sangam Travels,AC Sleeper (2+1),16:30,23:00,06h 30m,INR 500,31 Seats available,"4.2
5",https://www.redbus.in/bus-tickets/kota-rajasthan-to-jaipur,Kota(Rajasthan) to Jaipur (Rajasthan)
Mahadev Travels Pilani,A/C Seater / Sleeper (2+1),21:50,02:25,04h 35m,INR 400,33 Seats available,"2.7
25",https://www.redbus.in/bus-tickets/kota-rajasthan-to-jaipur,Kota(Rajasthan) to Jaipur (Rajasthan)
Navrang Travels,A/C Seater / Sleeper (2+1),20:00,00:40,04h 40m,308,26 Seats available,"1.8
21",https://www.redbus.in/bus-tickets/kota-rajasthan-to-jaipur,Kota(Rajasthan) to Jaipur (Rajasthan)
Babu Travels,Bharat Benz A/C Sleeper (2+1),00:30,04:30,04h 00m,INR 1200,19 Seats available,"1.2
4",https://www.redbus.in/bus-tickets/kota-rajasthan-to-jaipur,Kota(Rajasthan) to Jaipur (Rajasthan)
UPSRTC - BDV0129,Ordinary Non AC Seater 2+3,23:44,07:25,07h 41m,INR 361,52 Seats available,3.3,https://www.redbus.in/bus-tickets/jaipur-to-aligarh-uttar-pradesh,Jaipur (Rajasthan) to Aligarh (uttar pradesh)
Mahalaxmi Travels,Bharat Benz A/C Seater /Sleeper (2+1),21:00,04:00,07h 00m,INR 399,27 Seats available,"3.1
101",https://www.redbus.in/bus-tickets/jaipur-to-aligarh-uttar-pradesh,Jaipur (Rajasthan) to Aligarh (uttar pradesh)
Rinku Travels,A/C Seater / Sleeper (2+1),21:15,04:25,07h 10m,INR 400,44 Seats available,"3.6
45",https://www.redbus.in/bus-tickets/jaipur-to-aligarh-uttar-pradesh,Jaipur (Rajasthan) to Aligarh (uttar pradesh)
Rinku Travels,A/C Seater / Sleeper (2+1),21:30,04:55,07h 25m,INR 400,45 Seats available,"3.5
37",https://www.redbus.in/bus-tickets/jaipur-to-aligarh-uttar-pradesh,Jaipur (Rajasthan) to Aligarh (uttar pradesh)
SHAGUN CARGO & TRAVELS,A/C Sleeper (2+1),21:15,04:00,06h 45m,463,19 Seats available,"3.0
14",https://www.redbus.in/bus-tickets/jaipur-to-aligarh-uttar-pradesh,Jaipur (Rajasthan) to Aligarh (uttar pradesh)
SHAGUN CARGO & TRAVELS,NON A/C Seater/ Sleeper (2+1),20:15,03:15,07h 00m,398,24 Seats available,3,https://www.redbus.in/bus-tickets/jaipur-to-aligarh-uttar-pradesh,Jaipur (Rajasthan) to Aligarh (uttar pradesh)
SHAGUN CARGO & TRAVELS,A/C Sleeper (2+1),21:45,03:30,05h 45m,648,23 Seats available,3,https://www.redbus.in/bus-tickets/jaipur-to-aligarh-uttar-pradesh,Jaipur (Rajasthan) to Aligarh (uttar pradesh)
Shree Baba Travels,A/C Seater / Sleeper (2+1),21:00,04:30,07h 30m,INR 449,33 Seats available,1,https://www.redbus.in/bus-tickets/jaipur-to-aligarh-uttar-pradesh,Jaipur (Rajasthan) to Aligarh (uttar pradesh)
Jakhar Travels,A/C Seater / Sleeper (2+1),22:00,03:30,05h 30m,INR 400,12 Seats available,"3.7
102",https://www.redbus.in/bus-tickets/jaipur-to-kota-rajasthan,Jaipur (Rajasthan) to Kota(Rajasthan)
Babu Travels,A/C Sleeper (2+1),18:30,23:42,05h 12m,314,19 Seats available,"3.9
63",https://www.redbus.in/bus-tickets/jaipur-to-kota-rajasthan,Jaipur (Rajasthan) to Kota(Rajasthan)
Laxmi Shatabdi Travels,A/C Seater / Sleeper (2+1),22:30,05:15,06h 45m,INR 250,35 Seats available,"3.3
118",https://www.redbus.in/bus-tickets/jaipur-to-kota-rajasthan,Jaipur (Rajasthan) to Kota(Rajasthan)
Verma Travels.,A/C Sleeper (2+1),19:30,23:59,04h 29m,INR 459,25 Seats available,"3.7
46",https://www.redbus.in/bus-tickets/jaipur-to-kota-rajasthan,Jaipur (Rajasthan) to Kota(Rajasthan)
Babu Travels,A/C Seater / Sleeper (2+1),22:15,04:45,06h 30m,INR 250,26 Seats available,"3.0
85",https://www.redbus.in/bus-tickets/jaipur-to-kota-rajasthan,Jaipur (Rajasthan) to Kota(Rajasthan)
Jakhar Travels,A/C Seater / Sleeper (2+1),19:30,23:55,04h 25m,INR 600,23 Seats available,"3.9
29",https://www.redbus.in/bus-tickets/jaipur-to-kota-rajasthan,Jaipur (Rajasthan) to Kota(Rajasthan)
Jakhar Travels,NON A/C Seater/ Sleeper (2+1),21:15,03:00,05h 45m,INR 250,18 Seats available,"3.7
32",https://www.redbus.in/bus-tickets/jaipur-to-kota-rajasthan,Jaipur (Rajasthan) to Kota(Rajasthan)
Raj travels Jhunjhunu,A/C Seater / Sleeper (2+1),23:30,05:00,05h 30m,366,15 Seats available,"3.0
48",https://www.redbus.in/bus-tickets/jaipur-to-kota-rajasthan,Jaipur (Rajasthan) to Kota(Rajasthan)
M R Travels,AC Sleeper (2+1),18:00,23:45,05h 45m,INR 700,27 Seats available,"3.3
23",https://www.redbus.in/bus-tickets/jaipur-to-kota-rajasthan,Jaipur (Rajasthan) to Kota(Rajasthan)
Gajraj Travels,Bharat Benz A/C Sleeper (2+1),21:00,02:00,05h 00m,INR 900,13 Seats available,"5.0
4",https://www.redbus.in/bus-tickets/jaipur-to-kota-rajasthan,Jaipur (Rajasthan) to Kota(Rajasthan)
Jain travels regd,NON AC Seater / Sleeper 2+1,16:30,23:40,07h 10m,INR 350,5 Seats available,4.1,https://www.redbus.in/bus-tickets/pali-to-udaipur,Pali (Rajasthan) to Udaipur
Ashok Travels Mandsaur Group,Non A/C Seater / Sleeper (2+1),17:30,23:00,05h 30m,INR 400,26 Seats available,3.7,https://www.redbus.in/bus-tickets/pali-to-udaipur,Pali (Rajasthan) to Udaipur
M R Travels,Volvo Multi-Axle I-Shift B11R Semi Sleeper (2+2),17:40,21:00,03h 20m,INR 475,43 Seats available,"4.3
28",https://www.redbus.in/bus-tickets/pali-to-udaipur,Pali (Rajasthan) to Udaipur
Raj Travel (Laxmi Traveller),Bharat Benz A/C Seater (2+1),18:10,22:10,04h 00m,INR 470,28 Seats available,4.4,https://www.redbus.in/bus-tickets/pali-to-udaipur,Pali (Rajasthan) to Udaipur
Shree Devnarayan Travels,Bharat Benz A/C Seater (2+1),18:10,21:40,03h 30m,INR 550,21 Seats available,"4.9
9",https://www.redbus.in/bus-tickets/pali-to-udaipur,Pali (Rajasthan) to Udaipur
M R Travels,Volvo Multi Axle A/C Sleeper I-Shift B11R (2+1),18:45,22:45,04h 00m,INR 600,30 Seats available,"4.0
7",https://www.redbus.in/bus-tickets/pali-to-udaipur,Pali (Rajasthan) to Udaipur
Jain travels regd,A/C Seater / Sleeper (2+1),19:15,00:30,05h 15m,INR 400,35 Seats available,"4.4
6",https://www.redbus.in/bus-tickets/pali-to-udaipur,Pali (Rajasthan) to Udaipur
Gajraj Travels,NON A/C Seater/ Sleeper (2+1),20:45,01:15,04h 30m,INR 400,40 Seats available,4.4,https://www.redbus.in/bus-tickets/pali-to-udaipur,Pali (Rajasthan) to Udaipur
M R Travels,NON A/C Seater/ Sleeper (2+1),21:45,02:30,04h 45m,INR 360,40 Seats available,4.3,https://www.redbus.in/bus-tickets/pali-to-udaipur,Pali (Rajasthan) to Udaipur
CHANDRA RAJ TRAVELS,A/C Seater / Sleeper (2+1),22:45,03:45,05h 00m,INR 438.1,40 Seats available,3.3,https://www.redbus.in/bus-tickets/pali-to-udaipur,Pali (Rajasthan) to Udaipur
Shree Devnarayan Travels,Bharat Benz A/C Seater (2+1),17:00,20:35,03h 35m,INR 550,17 Seats available,"4.7
10",https://www.redbus.in/bus-tickets/udaipur-to-pali-rajasthan,Udaipur to Pali (Rajasthan)
M R Travels,Volvo Multi-Axle I-Shift B11R Semi Sleeper (2+2),17:10,21:00,03h 50m,INR 475,22 Seats available,"4.8
13",https://www.redbus.in/bus-tickets/udaipur-to-pali-rajasthan,Udaipur to Pali (Rajasthan)
Rishabh Travels Milan,A/C Seater / Sleeper (2+1),21:00,00:25,03h 25m,INR 500,23 Seats available,"3.0
4",https://www.redbus.in/bus-tickets/udaipur-to-pali-rajasthan,Udaipur to Pali (Rajasthan)
R.S.Sodha Travels,A/C Seater / Sleeper (2+1),21:00,02:00,05h 00m,INR 700,28 Seats available,3.4,https://www.redbus.in/bus-tickets/udaipur-to-pali-rajasthan,Udaipur to Pali (Rajasthan)
Jain travels regd,A/C Seater / Sleeper (2+1),21:30,02:55,05h 25m,INR 460,40 Seats available,3.7,https://www.redbus.in/bus-tickets/udaipur-to-pali-rajasthan,Udaipur to Pali (Rajasthan)
Jakhar Travels,A/C Seater / Sleeper (2+1),22:00,02:45,04h 45m,INR 457,40 Seats available,3.7,https://www.redbus.in/bus-tickets/udaipur-to-pali-rajasthan,Udaipur to Pali (Rajasthan)
Kalpana Travels,NON AC Seater / Sleeper 2+1,22:00,02:34,04h 34m,INR 300,38 Seats available,3.2,https://www.redbus.in/bus-tickets/udaipur-to-pali-rajasthan,Udaipur to Pali (Rajasthan)
Jain travels regd,NON AC Seater / Sleeper 2+1,22:15,03:00,04h 45m,INR 350,42 Seats available,3.7,https://www.redbus.in/bus-tickets/udaipur-to-pali-rajasthan,Udaipur to Pali (Rajasthan)
Raj Travel,A/C Sleeper (2+1),22:30,04:30,06h 00m,INR 550,26 Seats available,4.4,https://www.redbus.in/bus-tickets/udaipur-to-pali-rajasthan,Udaipur to Pali (Rajasthan)
Raj travels,A/C Sleeper (2+1),22:30,04:30,06h 00m,INR 569,22 Seats available,4.3,https://www.redbus.in/bus-tickets/udaipur-to-pali-rajasthan,Udaipur to Pali (Rajasthan)
RSRTC - 189225,Super Luxury Volvo AC Seater Pushback 2+2,19:10,23:00,03h 50m,INR 421,25 Seats available,"3.3
23",https://www.redbus.in/bus-tickets/sikar-to-bikaner,Sikar to Bikaner
New Deep Travels,Volvo Multi-Axle I-Shift A/C Semi Sleeper (2+2),16:25,19:20,03h 20m,INR 666.67,1 Seat available,"3.3
18",https://www.redbus.in/bus-tickets/sikar-to-bikaner,Sikar to Bikaner
Milan Travels,A/C Seater / Sleeper (2+1),19:01,22:30,03h 29m,INR 615,1 Seat available,"4.5
12",https://www.redbus.in/bus-tickets/sikar-to-bikaner,Sikar to Bikaner
RATHORE TRAVELS AGENCY,A/C Semi Sleeper (2+2),19:20,22:40,03h 20m,INR 450,12 Seats available,"4.4
27",https://www.redbus.in/bus-tickets/sikar-to-bikaner,Sikar to Bikaner
Rathore Travels Madho,A/C Seater / Sleeper (2+1),20:15,00:00,03h 45m,INR 400,27 Seats available,"1.2
7",https://www.redbus.in/bus-tickets/sikar-to-bikaner,Sikar to Bikaner
RATHORE TRAVELS AGENCY,A/C Seater / Sleeper (2+1),23:55,04:30,04h 35m,INR 400,18 Seats available,"2.3
8",https://www.redbus.in/bus-tickets/sikar-to-bikaner,Sikar to Bikaner
Anshi Raj Shree Travels,Bharat Benz A/C Sleeper (2+1),16:35,20:35,04h 00m,832,7 Seats available,3.6,https://www.redbus.in/bus-tickets/jaipur-to-bharatpur,Jaipur (Rajasthan) to Bharatpur
Shree Savariya Travels & Transport,A/C Sleeper (2+1),17:00,22:30,05h 30m,INR 1000,13 Seats available,3.4,https://www.redbus.in/bus-tickets/jaipur-to-bharatpur,Jaipur (Rajasthan) to Bharatpur
Sethi Yatra Company,A/C Seater / Sleeper (2+1),17:15,21:10,03h 55m,694,14 Seats available,3.8,https://www.redbus.in/bus-tickets/jaipur-to-bharatpur,Jaipur (Rajasthan) to Bharatpur
Shri mahavir tour and travels,AC Sleeper (2+1),17:15,21:35,04h 20m,INR 1200,30 Seats available,4.2,https://www.redbus.in/bus-tickets/jaipur-to-bharatpur,Jaipur (Rajasthan) to Bharatpur
Shree Raj Akanshi travels,A/C Seater / Sleeper (2+1),17:20,21:00,03h 40m,832,16 Seats available,3.7,https://www.redbus.in/bus-tickets/jaipur-to-bharatpur,Jaipur (Rajasthan) to Bharatpur
GODARA TRAVELS,AC Sleeper (2+1),17:55,21:55,04h 00m,INR 1499,18 Seats available,3.3,https://www.redbus.in/bus-tickets/jaipur-to-bharatpur,Jaipur (Rajasthan) to Bharatpur
Sethi Yatra Company,A/C Seater/Sleeper (2+1),18:00,20:50,02h 50m,648,22 Seats available,3.8,https://www.redbus.in/bus-tickets/jaipur-to-bharatpur,Jaipur (Rajasthan) to Bharatpur
GK Travels,A/C Sleeper (2+1),18:00,21:45,03h 45m,INR 1799,22 Seats available,3.6,https://www.redbus.in/bus-tickets/jaipur-to-bharatpur,Jaipur (Rajasthan) to Bharatpur
NueGo,Electric A/C Seater (2+2),19:00,23:15,04h 15m,284,22 Seats available,"4.1
33",https://www.redbus.in/bus-tickets/jaipur-to-bharatpur,Jaipur (Rajasthan) to Bharatpur
Tiwari Travels,A/C Seater / Sleeper (2+1),19:15,23:15,04h 00m,INR 4000,28 Seats available,3.5,https://www.redbus.in/bus-tickets/jaipur-to-bharatpur,Jaipur (Rajasthan) to Bharatpur
Jain travels regd,NON AC Seater / Sleeper 2+1,23:50,05:00,05h 10m,INR 350,34 Seats available,"3.1
8",https://www.redbus.in/bus-tickets/kishangarh-to-jodhpur,Kishangarh to Jodhpur
Jakhar Travels,A/C Sleeper (2+1),23:15,03:50,04h 35m,INR 600,26 Seats available,3.7,https://www.redbus.in/bus-tickets/kishangarh-to-jodhpur,Kishangarh to Jodhpur
Jakhar Travels And Cargo,A/C Sleeper (2+1),23:00,03:40,04h 40m,INR 600,21 Seats available,3.4,https://www.redbus.in/bus-tickets/kishangarh-to-jodhpur,Kishangarh to Jodhpur
Pooja Travels,A/C Seater / Sleeper (2+1),19:45,01:45,06h 00m,INR 500,27 Seats available,2.8,https://www.redbus.in/bus-tickets/kishangarh-to-jodhpur,Kishangarh to Jodhpur
Tiger Travels,NON AC Seater / Sleeper 2+1,19:00,23:50,04h 50m,INR 400,33 Seats available,4.1,https://www.redbus.in/bus-tickets/kishangarh-to-jodhpur,Kishangarh to Jodhpur
Jakhar Travels And Cargo,A/C Seater / Sleeper (2+1),22:40,03:50,05h 10m,INR 450,40 Seats available,3.4,https://www.redbus.in/bus-tickets/kishangarh-to-jodhpur,Kishangarh to Jodhpur
Jakhar Travels And Cargo,A/C Seater / Sleeper (2+1),23:30,03:55,04h 25m,INR 599,40 Seats available,3.4,https://www.redbus.in/bus-tickets/kishangarh-to-jodhpur,Kishangarh to Jodhpur
Jakhar Travels And Cargo,A/C Sleeper (2+1),21:45,02:30,04h 45m,INR 550,27 Seats available,3.4,https://www.redbus.in/bus-tickets/kishangarh-to-jodhpur,Kishangarh to Jodhpur
R.S.Sodha Travels,A/C Seater / Sleeper (2+1),23:15,03:10,03h 55m,INR 600,19 Seats available,3.4,https://www.redbus.in/bus-tickets/kishangarh-to-jodhpur,Kishangarh to Jodhpur
Chouhan travels and Cargo,A/C Seater / Sleeper (2+1),22:15,03:30,05h 15m,INR 600,42 Seats available,3.3,https://www.redbus.in/bus-tickets/kishangarh-to-jodhpur,Kishangarh to Jodhpur
Shrinath® Travel Agency Pvt. Ltd.,Volvo Multi Axle B9R A/C Sleeper (2+1),17:30,22:20,04h 50m,INR 600,19 Seats available,"3.5
66",https://www.redbus.in/bus-tickets/jaipur-to-bhilwara,Jaipur (Rajasthan) to Bhilwara
Ashok Travels Mandsaur Group,Volvo 9600 Multi-Axle A/C Sleeper (2+1),23:50,04:15,04h 25m,710,16 Seats available,"4.5
22",https://www.redbus.in/bus-tickets/jaipur-to-bhilwara,Jaipur (Rajasthan) to Bhilwara
Shrinath® Travel Agency Pvt. Ltd.,Volvo Multi Axle B9R A/C Sleeper (2+1),23:55,03:30,03h 35m,INR 600,16 Seats available,"5.0
5",https://www.redbus.in/bus-tickets/jaipur-to-bhilwara,Jaipur (Rajasthan) to Bhilwara
Neeraj travels,A/C Seater / Sleeper (2+1),23:20,04:25,05h 05m,475,22 Seats available,"3.3
24",https://www.redbus.in/bus-tickets/jaipur-to-bhilwara,Jaipur (Rajasthan) to Bhilwara
Sagwan Travels,Bharat Benz A/C Seater /Sleeper (2+1),22:30,04:10,05h 40m,475,11 Seats available,"4.2
8",https://www.redbus.in/bus-tickets/jaipur-to-bhilwara,Jaipur (Rajasthan) to Bhilwara
Mahalaxmi Travels,Bharat Benz A/C Seater /Sleeper (2+1),20:15,01:15,05h 00m,INR 599,15 Seats available,"4.8
4",https://www.redbus.in/bus-tickets/jaipur-to-bhilwara,Jaipur (Rajasthan) to Bhilwara
Parshwanath Travel Pvt. Ltd,A/C Sleeper (2+1),19:30,00:30,05h 00m,INR 667,30 Seats available,"4.1
8",https://www.redbus.in/bus-tickets/jaipur-to-bhilwara,Jaipur (Rajasthan) to Bhilwara
Sagwan Travels,A/C Seater / Sleeper (2+1),22:00,03:19,05h 19m,380,28 Seats available,"3.8
11",https://www.redbus.in/bus-tickets/jaipur-to-bhilwara,Jaipur (Rajasthan) to Bhilwara
VGO BUS,VE A/C Seater / Sleeper (2+1),23:30,04:20,04h 50m,INR 799,20 Seats available,"3.1
15",https://www.redbus.in/bus-tickets/jaipur-to-bhilwara,Jaipur (Rajasthan) to Bhilwara
Ashok Travels Mandsaur Group,NON A/C Sleeper (2+1),23:30,02:15,02h 45m,600,10 Seats available,"1.0
4",https://www.redbus.in/bus-tickets/jaipur-to-bhilwara,Jaipur (Rajasthan) to Bhilwara
Paras Travels,A/C Seater / Sleeper (2+1),22:30,05:00,06h 30m,352,10 Seats available,"3.9
288",https://www.redbus.in/bus-tickets/kota-rajasthan-to-udaipur,Kota(Rajasthan) to Udaipur
Jai Shrinath Ji Ki ® Travels,Non A/C Seater / Sleeper (2+1),22:00,05:00,07h 00m,INR 350,21 Seats available,"3.7
205",https://www.redbus.in/bus-tickets/kota-rajasthan-to-udaipur,Kota(Rajasthan) to Udaipur
Radhey Travels,NON AC Seater / Sleeper 2+1,22:45,05:30,06h 45m,324,13 Seats available,"3.5
83",https://www.redbus.in/bus-tickets/kota-rajasthan-to-udaipur,Kota(Rajasthan) to Udaipur
Babu Travels,Non A/C Seater / Sleeper (2+1),22:30,05:15,06h 45m,INR 350,24 Seats available,"3.8
117",https://www.redbus.in/bus-tickets/kota-rajasthan-to-udaipur,Kota(Rajasthan) to Udaipur
M R Travels,A/C Seater / Sleeper (2+1),22:50,05:15,06h 25m,INR 333,21 Seats available,"2.8
210",https://www.redbus.in/bus-tickets/kota-rajasthan-to-udaipur,Kota(Rajasthan) to Udaipur
Jakhar Travels,A/C Seater / Sleeper (2+1),17:15,22:20,05h 05m,INR 429,26 Seats available,"2.2
132",https://www.redbus.in/bus-tickets/kota-rajasthan-to-udaipur,Kota(Rajasthan) to Udaipur
Samreen Travels,AC Sleeper (2+1),21:00,02:00,05h 00m,INR 750,12 Seats available,"4.7
5",https://www.redbus.in/bus-tickets/kota-rajasthan-to-udaipur,Kota(Rajasthan) to Udaipur
Jakhar Travels,NON A/C Seater/ Sleeper (2+1),22:00,05:00,07h 00m,INR 333,9 Seats available,"3.5
119",https://www.redbus.in/bus-tickets/kota-rajasthan-to-udaipur,Kota(Rajasthan) to Udaipur
Siddhivinayak Travels,A/C Seater / Sleeper (2+1),16:35,22:20,05h 45m,INR 572,6 Seats available,"2.0
28",https://www.redbus.in/bus-tickets/kota-rajasthan-to-udaipur,Kota(Rajasthan) to Udaipur
Babu Travels,A/C Sleeper (2+1),20:30,01:45,05h 15m,INR 500,12 Seats available,"2.5
9",https://www.redbus.in/bus-tickets/kota-rajasthan-to-udaipur,Kota(Rajasthan) to Udaipur
RSRTC - 154392,Express Non AC Seater 2+3,21:30,03:00,05h 30m,INR 263,42 Seats available,4.2,https://www.redbus.in/bus-tickets/jaipur-to-pilani,Jaipur (Rajasthan) to Pilani
Garhwal Travels,A/C Seater / Sleeper (2+1),16:30,22:20,05h 50m,462,38 Seats available,3.1,https://www.redbus.in/bus-tickets/jaipur-to-pilani,Jaipur (Rajasthan) to Pilani
Gajraj bus service,A/C Seater / Sleeper (2+1),17:30,22:15,04h 45m,INR 499,38 Seats available,"4.1
6",https://www.redbus.in/bus-tickets/jaipur-to-pilani,Jaipur (Rajasthan) to Pilani
Vijay Tour and Travels,Bharat Benz A/C Seater /Sleeper (2+1),17:30,22:10,04h 40m,370,12 Seats available,3.5,https://www.redbus.in/bus-tickets/jaipur-to-pilani,Jaipur (Rajasthan) to Pilani
Vijay Tour and Travels,Bharat Benz A/C Seater /Sleeper (2+1),18:30,23:50,05h 20m,278,4 Seats available,3.5,https://www.redbus.in/bus-tickets/jaipur-to-pilani,Jaipur (Rajasthan) to Pilani
Devraj Travels,Bharat Benz A/C Seater /Sleeper (2+1),23:59,06:08,06h 09m,INR 350,32 Seats available,"4.2
23",https://www.redbus.in/bus-tickets/jaipur-to-pilani,Jaipur (Rajasthan) to Pilani
Vijay Tour and Travels,Bharat Benz A/C Seater /Sleeper (2+1),18:10,23:10,05h 00m,508,35 Seats available,"2.5
6",https://www.redbus.in/bus-tickets/jaipur-to-pilani,Jaipur (Rajasthan) to Pilani
Raj travels Jhunjhunu,A/C Seater / Sleeper (2+1),18:10,22:30,04h 20m,370,15 Seats available,2.7,https://www.redbus.in/bus-tickets/jaipur-to-pilani,Jaipur (Rajasthan) to Pilani
Amit Travels,A/C Seater / Sleeper (2+1),23:00,04:00,05h 00m,INR 349,23 Seats available,"2.0
14",https://www.redbus.in/bus-tickets/jaipur-to-pilani,Jaipur (Rajasthan) to Pilani
Garhwal Travels,A/C Seater / Sleeper (2+1),16:25,22:20,05h 55m,792,36 Seats available,3.1,https://www.redbus.in/bus-tickets/jaipur-to-pilani,Jaipur (Rajasthan) to Pilani
Rinku Travels,NON AC Seater / Sleeper 2+1,19:00,00:59,05h 59m,INR 300,19 Seats available,2.5,https://www.redbus.in/bus-tickets/jaipur-to-mathura,Jaipur (Rajasthan) to Mathura
janta shatabdi travels,Non A/C Seater / Sleeper (2+1),19:15,23:59,04h 44m,416,41 Seats available,"1.1
12",https://www.redbus.in/bus-tickets/jaipur-to-mathura,Jaipur (Rajasthan) to Mathura
Haji Ali Travels,A/C Seater / Sleeper (2+1),19:30,02:00,06h 30m,450,37 Seats available,1.2,https://www.redbus.in/bus-tickets/jaipur-to-mathura,Jaipur (Rajasthan) to Mathura
Rinku Travels,NON AC Seater / Sleeper 2+1,20:00,01:50,05h 50m,INR 300,22 Seats available,2.5,https://www.redbus.in/bus-tickets/jaipur-to-mathura,Jaipur (Rajasthan) to Mathura
SHAGUN CARGO & TRAVELS,NON A/C Seater/ Sleeper (2+1),20:15,02:00,05h 45m,398,24 Seats available,"1.6
5",https://www.redbus.in/bus-tickets/jaipur-to-mathura,Jaipur (Rajasthan) to Mathura
Mansoori tour and travels,A/C Seater / Sleeper (3+1),21:00,01:45,04h 45m,630,16 Seats available,1.4,https://www.redbus.in/bus-tickets/jaipur-to-mathura,Jaipur (Rajasthan) to Mathura
Mahalaxmi Travels,Bharat Benz A/C Seater /Sleeper (2+1),21:00,02:30,05h 30m,INR 399,28 Seats available,"2.8
32",https://www.redbus.in/bus-tickets/jaipur-to-mathura,Jaipur (Rajasthan) to Mathura
Shree Baba Travels,A/C Seater / Sleeper (2+1),21:00,03:30,06h 30m,INR 449,33 Seats available,1,https://www.redbus.in/bus-tickets/jaipur-to-mathura,Jaipur (Rajasthan) to Mathura
janta shatabdi travels,Non A/C Seater / Sleeper (2+1),21:15,01:59,04h 44m,463,47 Seats available,1.4,https://www.redbus.in/bus-tickets/jaipur-to-mathura,Jaipur (Rajasthan) to Mathura
SHAGUN CARGO & TRAVELS,A/C Sleeper (2+1),21:15,02:45,05h 30m,463,19 Seats available,"2.0
6",https://www.redbus.in/bus-tickets/jaipur-to-mathura,Jaipur (Rajasthan) to Mathura
RSRTC - 182762,Express Non AC Seater 2+3,21:55,02:45,04h 50m,INR 231,42 Seats available,4.4,https://www.redbus.in/bus-tickets/bikaner-to-sikar,Bikaner to Sikar
Milan Travels,A/C Seater / Sleeper (2+1),17:00,20:30,03h 30m,INR 476,11 Seats available,"4.5
15",https://www.redbus.in/bus-tickets/bikaner-to-sikar,Bikaner to Sikar
Neelam Travels,A/C Seater / Sleeper (2+1),18:30,23:00,04h 30m,INR 400,28 Seats available,3.6,https://www.redbus.in/bus-tickets/bikaner-to-sikar,Bikaner to Sikar
Milan Travels,Bharat Benz A/C Seater /Sleeper (2+1),19:15,22:30,03h 15m,INR 476,37 Seats available,"3.7
13",https://www.redbus.in/bus-tickets/bikaner-to-sikar,Bikaner to Sikar
Nandu V.K. Travels,NON A/C Sleeper (2+1),19:30,23:45,04h 15m,INR 600,30 Seats available,3,https://www.redbus.in/bus-tickets/bikaner-to-sikar,Bikaner to Sikar
Neelam Travels,A/C Seater / Sleeper (2+1),21:50,02:25,04h 35m,INR 500,34 Seats available,3.6,https://www.redbus.in/bus-tickets/bikaner-to-sikar,Bikaner to Sikar
RATHORE TRAVELS AGENCY,A/C Seater / Sleeper (2+1),22:30,02:59,04h 29m,INR 350,34 Seats available,"3.1
4",https://www.redbus.in/bus-tickets/bikaner-to-sikar,Bikaner to Sikar
Milan Travels,A/C Seater / Sleeper (2+1),22:30,02:30,04h 00m,INR 476,13 Seats available,4,https://www.redbus.in/bus-tickets/bikaner-to-sikar,Bikaner to Sikar
RATHORE TRAVELS AGENCY,Volvo 9600 A/C Sleeper (2+1),23:00,03:15,04h 15m,INR 750,36 Seats available,3.9,https://www.redbus.in/bus-tickets/bikaner-to-sikar,Bikaner to Sikar
Milan Travels,A/C Seater / Sleeper (2+1),23:15,03:15,04h 00m,INR 476,8 Seats available,4,https://www.redbus.in/bus-tickets/bikaner-to-sikar,Bikaner to Sikar
