Bus_name,Bus_type,Start_time,End_time,Total_duration,Price,Seats_Available,Ratings,Route_link,Route_name
BLUE HILL TRAVELS INDIA LIMITED,NON A/C Seater Semi Sleeper (2+1),21:30,03:30,06h 00m,INR 400,8 Seats available,"2.8
99",https://www.redbus.in/bus-tickets/tezpur-to-guwahati,Tezpur to Guwahati
BLUE HILL TRAVELS INDIA LIMITED,NON A/C Seater Semi Sleeper (2+1),22:15,03:45,05h 30m,INR 550,19 Seats available,"3.7
26",https://www.redbus.in/bus-tickets/tezpur-to-guwahati,Tezpur to Guwahati
Yatra Travels,NON A/C Seater (2+1),18:45,23:30,04h 45m,350,10 Seats available,"3.5
23",https://www.redbus.in/bus-tickets/guwahati-to-tezpur,Guwahati to Tezpur
Yatra Travels,NON AC Seater/ Sleeper (2+1),20:00,00:00,04h 00m,350,5 Seats available,"4.2
23",https://www.redbus.in/bus-tickets/guwahati-to-tezpur,Guwahati to Tezpur
Pranjit Travels (Under ASTC),A/C Seater / Sleeper (2+1),20:45,02:30,05h 45m,INR 500,34 Seats available,3.3,https://www.redbus.in/bus-tickets/guwahati-to-tezpur,Guwahati to Tezpur
Pranjit Travels (Under ASTC),Non AC Seater (2+1),21:45,02:00,04h 15m,INR 450,11 Seats available,"3.6
14",https://www.redbus.in/bus-tickets/guwahati-to-tezpur,Guwahati to Tezpur
DESTINY TRAVELS,NON A/C Seater (2+1),18:45,23:30,28h 45m,408,2 Seats available,1.9,https://www.redbus.in/bus-tickets/guwahati-to-tezpur,Guwahati to Tezpur
BLUE HILL TRAVELS INDIA LIMITED,NON A/C Seater Semi Sleeper (2+1),20:00,01:15,05h 15m,400,22 Seats available,"2.9
11",https://www.redbus.in/bus-tickets/guwahati-to-tezpur,Guwahati to Tezpur
RAYAN TRAVELS,Non A/C Seater / Sleeper (2+1),19:15,23:59,04h 44m,525,31 Seats available,3.6,https://www.redbus.in/bus-tickets/guwahati-to-tezpur,Guwahati to Tezpur
KIRAN TRAVELS,A/C Seater (2+1),20:40,00:30,03h 50m,540,3 Seats available,"3.1
6",https://www.redbus.in/bus-tickets/guwahati-to-tezpur,Guwahati to Tezpur
Pranjit Travels (Under ASTC),Bharat Benz A/C Seater (2+1),21:30,02:30,05h 00m,INR 600,4 Seats available,"4.1
9",https://www.redbus.in/bus-tickets/guwahati-to-tezpur,Guwahati to Tezpur
DESTINY TRAVELS,NON A/C Seater (2+1),18:45,21:50,27h 05m,428,35 Seats available,1.9,https://www.redbus.in/bus-tickets/guwahati-to-nagaon,Guwahati to Nagaon (Assam)
Priyanka,NON A/C Seater (2+1),19:00,05:30,10h 30m,INR 600,16 Seats available,"2.8
22",https://www.redbus.in/bus-tickets/jorhat-to-north-lakhimpur,Jorhat to North Lakhimpur
Yatra,Non AC Seater (2+2),20:15,03:30,07h 15m,INR 350,40 Seats available,"2.6
19",https://www.redbus.in/bus-tickets/dhubri-to-guwahati,Dhubri to Guwahati
MAA MONOSHA TRAVELS,NON A/C Seater (2+1),20:00,03:30,07h 30m,INR 350,33 Seats available,New,https://www.redbus.in/bus-tickets/dhubri-to-guwahati,Dhubri to Guwahati
Aniruddha Travels,NON A/C Seater/ Sleeper (2+1),19:30,04:00,08h 30m,INR 550,9 Seats available,"3.7
171",https://www.redbus.in/bus-tickets/tezpur-to-dibrugarh,Tezpur to Dibrugarh
Puja Transport,NON AC Seater / Sleeper 2+1,20:00,04:30,08h 30m,INR 550,12 Seats available,"3.4
47",https://www.redbus.in/bus-tickets/tezpur-to-dibrugarh,Tezpur to Dibrugarh
SANJEEBANI TRAVELS,Non A/C Seater / Sleeper (2+1),21:30,04:00,06h 30m,500,19 Seats available,"3.5
8",https://www.redbus.in/bus-tickets/tezpur-to-dibrugarh,Tezpur to Dibrugarh
Puja Transport,Non AC Seater (2+2),20:00,05:00,09h 00m,INR 550,15 Seats available,"2.4
20",https://www.redbus.in/bus-tickets/tezpur-to-dibrugarh,Tezpur to Dibrugarh
Neha Travels,NON A/C Seater (2+2),22:20,07:00,08h 40m,INR 650,26 Seats available,"2.1
12",https://www.redbus.in/bus-tickets/tezpur-to-dibrugarh,Tezpur to Dibrugarh
Neha Travels,NON A/C Seater (2+2),22:10,04:00,05h 50m,INR 650,14 Seats available,"2.6
5",https://www.redbus.in/bus-tickets/tezpur-to-dibrugarh,Tezpur to Dibrugarh
Maa Laxmi,NON A/C Seater Push Back (2+1),22:15,05:30,07h 15m,INR 550,12 Seats available,"1.9
15",https://www.redbus.in/bus-tickets/tezpur-to-dibrugarh,Tezpur to Dibrugarh
Air Bus Travels,NON AC Seater / Sleeper 2+1,21:00,03:00,06h 00m,INR 400,27 Seats available,"3.8
5",https://www.redbus.in/bus-tickets/north-lakhimpur-to-dibrugarh,North Lakhimpur to Dibrugarh
Puja Transport,NON AC Seater / Sleeper 2+1,20:00,05:00,09h 00m,INR 550,16 Seats available,"3.5
87",https://www.redbus.in/bus-tickets/dibrugarh-to-tezpur,Dibrugarh to Tezpur
PIHU TRANSPORT,Bharat Benz NON A/C Seater / Sleeper (2+1),19:50,04:30,08h 40m,INR 470,29 Seats available,"3.0
28",https://www.redbus.in/bus-tickets/dibrugarh-to-tezpur,Dibrugarh to Tezpur
SANJEEBANI TRAVELS,Non A/C Seater / Sleeper (2+1),18:45,03:00,08h 15m,500,18 Seats available,New,https://www.redbus.in/bus-tickets/dibrugarh-to-tezpur,Dibrugarh to Tezpur
Aniruddha Travels,NON A/C Seater/ Sleeper (2+1),19:45,04:00,08h 15m,INR 550,18 Seats available,"3.2
135",https://www.redbus.in/bus-tickets/dibrugarh-to-tezpur,Dibrugarh to Tezpur
Puja Transport,Non AC Seater (2+2),19:15,04:00,08h 45m,INR 550,23 Seats available,"3.1
17",https://www.redbus.in/bus-tickets/dibrugarh-to-tezpur,Dibrugarh to Tezpur
J.S. Travels,Non AC Seater (2+1),19:00,04:00,09h 00m,INR 500,22 Seats available,"2.7
35",https://www.redbus.in/bus-tickets/dibrugarh-to-tezpur,Dibrugarh to Tezpur
Yatra Travels,NON A/C Seater (2+1),18:45,01:30,06h 45m,400,17 Seats available,"3.4
41",https://www.redbus.in/bus-tickets/guwahati-to-biswanath-charali,Guwahati to Biswanath Charali
RAYAN TRAVELS,Non A/C Seater / Sleeper (2+1),19:15,02:00,06h 45m,375,30 Seats available,"4.5
25",https://www.redbus.in/bus-tickets/guwahati-to-biswanath-charali,Guwahati to Biswanath Charali
BLUE HILL TRAVELS INDIA LIMITED,NON A/C Seater Semi Sleeper (2+1),19:15,01:30,06h 15m,INR 500,31 Seats available,3.3,https://www.redbus.in/bus-tickets/guwahati-to-biswanath-charali,Guwahati to Biswanath Charali
PARIJAT TRAVELS(UNDER ASTC),NON A/C Seater (2+1),19:35,02:00,06h 25m,375,17 Seats available,"3.8
7",https://www.redbus.in/bus-tickets/guwahati-to-biswanath-charali,Guwahati to Biswanath Charali
Yatra Travels,NON AC Seater/ Sleeper (2+1),20:00,01:00,05h 00m,400,11 Seats available,"3.5
15",https://www.redbus.in/bus-tickets/guwahati-to-biswanath-charali,Guwahati to Biswanath Charali
Pranjit Travels (Under ASTC),A/C Seater / Sleeper (2+1),20:45,03:30,06h 45m,INR 550,7 Seats available,"3.7
13",https://www.redbus.in/bus-tickets/guwahati-to-biswanath-charali,Guwahati to Biswanath Charali
MAHARATHI TRANSPORT,NON A/C Seater (2+1),20:55,02:45,05h 50m,400,17 Seats available,3.9,https://www.redbus.in/bus-tickets/guwahati-to-biswanath-charali,Guwahati to Biswanath Charali
Pranjit Travels (Under ASTC),Bharat Benz A/C Seater (2+1),21:30,03:45,06h 15m,INR 600,4 Seats available,"3.4
33",https://www.redbus.in/bus-tickets/guwahati-to-biswanath-charali,Guwahati to Biswanath Charali
DESTINY TRAVELS,NON A/C Seater (2+1),18:45,00:24,29h 39m,457,25 Seats available,1.9,https://www.redbus.in/bus-tickets/guwahati-to-biswanath-charali,Guwahati to Biswanath Charali
BLUE HILL TRAVELS INDIA LIMITED,NON A/C Seater Semi Sleeper (2+1),20:00,02:00,06h 00m,450,19 Seats available,"1.9
6",https://www.redbus.in/bus-tickets/guwahati-to-biswanath-charali,Guwahati to Biswanath Charali
NETWORK TRAVELS,NON A/C Seater (2+1),19:30,07:00,11h 30m,600,2 Seats available,"4.4
90",https://www.redbus.in/bus-tickets/guwahati-to-haflong,Guwahati to Haflong
Deep Travels,Non AC Seater (2+1),19:30,06:30,11h 00m,INR 600,24 Seats available,"3.7
182",https://www.redbus.in/bus-tickets/guwahati-to-haflong,Guwahati to Haflong
Air Bus Travels,NON AC Seater / Sleeper 2+1,19:40,01:00,05h 20m,INR 400,34 Seats available,"3.6
6",https://www.redbus.in/bus-tickets/dibrugarh-to-north-lakhimpur,Dibrugarh to North Lakhimpur
Air Bus Travels,NON AC Seater / Sleeper 2+1,21:15,02:00,04h 45m,INR 400,23 Seats available,"2.5
4",https://www.redbus.in/bus-tickets/dibrugarh-to-north-lakhimpur,Dibrugarh to North Lakhimpur
Deep Travels,Non AC Seater (2+1),23:55,06:30,06h 35m,INR 500,25 Seats available,"1.9
7",https://www.redbus.in/bus-tickets/nagaon-to-haflong,Nagaon (Assam) to Haflong
Neha Travels,NON A/C Seater (2+2),22:10,03:30,05h 20m,INR 650,14 Seats available,"1.9
5",https://www.redbus.in/bus-tickets/tezpur-to-moran,Tezpur to Moran
SANJEEBANI TRAVELS,Non A/C Seater / Sleeper (2+1),21:30,03:00,05h 30m,500,24 Seats available,New,https://www.redbus.in/bus-tickets/tezpur-to-moran,Tezpur to Moran
Maa Laxmi,NON A/C Seater Push Back (2+1),22:15,05:00,06h 45m,INR 500,13 Seats available,"1.8
4",https://www.redbus.in/bus-tickets/tezpur-to-moran,Tezpur to Moran
Neha Travels,NON A/C Seater (2+2),22:20,06:00,07h 40m,INR 650,28 Seats available,1.9,https://www.redbus.in/bus-tickets/tezpur-to-moran,Tezpur to Moran
Trishul Transport Service,A/C Seater / Sleeper (2+1),19:15,22:55,03h 40m,495,29 Seats available,"3.7
6",https://www.redbus.in/bus-tickets/dibrugarh-to-jorhat,Dibrugarh to Jorhat
Baikuntha Transport Service,Bharat Benz A/C Sleeper (2+1),19:30,23:15,03h 45m,400,33 Seats available,"3.2
39",https://www.redbus.in/bus-tickets/dibrugarh-to-jorhat,Dibrugarh to Jorhat
Purple Wings Coaches,A/C Seater / Sleeper (2+1),19:55,00:15,04h 20m,540,19 Seats available,3.6,https://www.redbus.in/bus-tickets/dibrugarh-to-jorhat,Dibrugarh to Jorhat
Deep Travels,Non AC Seater (2+1),19:00,05:30,10h 30m,INR 650,15 Seats available,"3.2
139",https://www.redbus.in/bus-tickets/guwahati-to-silchar,Guwahati to Silchar
BLUE HILL TRAVELS INDIA LIMITED,NON A/C Seater Semi Sleeper (2+1),21:30,03:45,06h 15m,INR 550,19 Seats available,"3.6
19",https://www.redbus.in/bus-tickets/biswanath-charali-to-guwahati,Biswanath Charali to Guwahati
Pranjit Travels (Under ASTC),NON A/C Seater (2+1),12:30,18:00,0-19h 0-30m,INR 550,35 Seats available,3.6,https://www.redbus.in/bus-tickets/biswanath-charali-to-guwahati,Biswanath Charali to Guwahati
BLUE HILL TRAVELS INDIA LIMITED,NON A/C Seater Semi Sleeper (2+1),20:00,03:30,07h 30m,INR 450,8 Seats available,"1.7
24",https://www.redbus.in/bus-tickets/biswanath-charali-to-guwahati,Biswanath Charali to Guwahati
Pranjit Travels (Under ASTC),Non AC Seater (2+1),23:45,06:30,06h 45m,INR 500,17 Seats available,"2.8
15",https://www.redbus.in/bus-tickets/biswanath-charali-to-guwahati,Biswanath Charali to Guwahati
NETWORK TRAVELS,NON A/C Seater Push Back (2+1),19:00,00:30,05h 30m,300,25 Seats available,"4.6
25",https://www.redbus.in/bus-tickets/tinsukia-to-jorhat,Tinsukia to Jorhat
PIHU TRANSPORT,Bharat Benz NON A/C Seater / Sleeper (2+1),20:45,04:30,07h 45m,INR 520,27 Seats available,"2.6
9",https://www.redbus.in/bus-tickets/moran-to-tezpur,Moran to Tezpur
SANJEEBANI TRAVELS,Non A/C Seater / Sleeper (2+1),20:15,03:00,06h 45m,500,42 Seats available,New,https://www.redbus.in/bus-tickets/moran-to-tezpur,Moran to Tezpur
Aniruddha Travels,NON A/C Seater/ Sleeper (2+1),20:45,04:00,07h 15m,INR 550,18 Seats available,"2.6
38",https://www.redbus.in/bus-tickets/moran-to-tezpur,Moran to Tezpur
Air Bus Travels,NON AC Seater / Sleeper 2+1,19:40,05:00,09h 20m,INR 600,34 Seats available,"3.8
42",https://www.redbus.in/bus-tickets/dibrugarh-to-biswanath-charali,Dibrugarh to Biswanath Charali
Maharathi Travels(UNDER ASTC),NON A/C Seater (2+1),22:10,05:30,07h 20m,400,14 Seats available,"4.4
64",https://www.redbus.in/bus-tickets/gohpur-to-guwahati,Gohpur to Guwahati
Yatra Travels,NON AC Seater/ Sleeper (2+1),22:20,06:00,07h 40m,400,29 Seats available,"4.5
33",https://www.redbus.in/bus-tickets/gohpur-to-guwahati,Gohpur to Guwahati
KIRAN TRAVELS,A/C Seater (2+1),22:50,07:30,08h 40m,540,7 Seats available,"4.1
40",https://www.redbus.in/bus-tickets/gohpur-to-guwahati,Gohpur to Guwahati
Pranjit Travels (Under ASTC),A/C Seater / Sleeper (2+1),23:05,06:00,06h 55m,INR 620,14 Seats available,"4.4
26",https://www.redbus.in/bus-tickets/gohpur-to-guwahati,Gohpur to Guwahati
RAYAN TRAVELS,Non A/C Seater / Sleeper (2+1),22:20,06:00,07h 40m,375,40 Seats available,"3.7
42",https://www.redbus.in/bus-tickets/gohpur-to-guwahati,Gohpur to Guwahati
Yatra Travels,NON AC Seater/ Sleeper (2+1),22:50,06:15,07h 25m,400,31 Seats available,"4.5
17",https://www.redbus.in/bus-tickets/gohpur-to-guwahati,Gohpur to Guwahati
Deep Travels,NON AC Seater / Sleeper 2+1,22:20,05:00,06h 40m,INR 499,25 Seats available,"3.8
27",https://www.redbus.in/bus-tickets/gohpur-to-guwahati,Gohpur to Guwahati
BLUE HILL TRAVELS INDIA LIMITED,NON A/C Seater Semi Sleeper (2+1),20:15,03:45,07h 30m,INR 550,19 Seats available,"4.0
18",https://www.redbus.in/bus-tickets/gohpur-to-guwahati,Gohpur to Guwahati
Pranjit Travels (Under ASTC),Bharat Benz A/C Seater (2+1),22:45,06:15,07h 30m,550,23 Seats available,"3.2
38",https://www.redbus.in/bus-tickets/gohpur-to-guwahati,Gohpur to Guwahati
PARIJAT TRAVELS(UNDER ASTC),NON A/C Seater (2+1),23:11,06:30,07h 19m,375,21 Seats available,"3.2
30",https://www.redbus.in/bus-tickets/gohpur-to-guwahati,Gohpur to Guwahati
