Bus_name,Bus_type,Start_time,End_time,Total_duration,Price,Seats_Available,Ratings,Route_link,Route_name
Vijay Tour and Travels,A/C Seater / Sleeper (2+1),19:00,01:10,06h 10m,600,19 Seats available,"3.3
47",https://www.redbus.in/bus-tickets/bareilly-to-delhi,Bareilly to Delhi
R S YADAV SMART BUS PRIVATE LIMITED,VE A/C Sleeper (2+1),23:59,05:55,05h 56m,INR 799,25 Seats available,"4.1
35",https://www.redbus.in/bus-tickets/bareilly-to-delhi,Bareilly to Delhi
New Khaira Transport,A/C Seater / Sleeper (2+1),23:45,05:00,05h 15m,INR 750,8 Seats available,"3.9
29",https://www.redbus.in/bus-tickets/bareilly-to-delhi,Bareilly to Delhi
New Khaira TPT,AC Sleeper (2+1),23:15,05:00,05h 45m,INR 900,21 Seats available,"3.7
34",https://www.redbus.in/bus-tickets/bareilly-to-delhi,Bareilly to Delhi
Vijay Tour and Travels,A/C Seater / Sleeper (2+1),17:00,23:20,06h 20m,600,31 Seats available,"2.8
89",https://www.redbus.in/bus-tickets/bareilly-to-delhi,Bareilly to Delhi
SHRI RAM TRAVELS,A/C Seater (2+2),11:35,17:00,05h 25m,INR 740,19 Seats available,"2.6
12",https://www.redbus.in/bus-tickets/bareilly-to-delhi,Bareilly to Delhi
Rahul Travels,AshokLeyland Stile A/C,22:30,05:00,06h 30m,INR 826,28 Seats available,"2.0
12",https://www.redbus.in/bus-tickets/bareilly-to-delhi,Bareilly to Delhi
New Khaira Transport,A/C Seater / Sleeper (2+2),23:50,06:50,07h 00m,INR 700,21 Seats available,"1.9
19",https://www.redbus.in/bus-tickets/bareilly-to-delhi,Bareilly to Delhi
SHRI RAM TRAVELS,A/C Seater (2+2),23:59,05:30,05h 31m,INR 705,15 Seats available,3.1,https://www.redbus.in/bus-tickets/bareilly-to-delhi,Bareilly to Delhi
Jaiswal Holidays,A/C Sleeper (2+1),22:40,04:30,05h 50m,INR 1400,4 Seats available,2.8,https://www.redbus.in/bus-tickets/bareilly-to-delhi,Bareilly to Delhi
UPSRTC - BDV0094,Ordinary Non AC Seater 2+3,10:28,13:48,03h 20m,INR 203,52 Seats available,3.3,https://www.redbus.in/bus-tickets/aligarh-uttar-pradesh-to-delhi,Aligarh (uttar pradesh) to Delhi
UPSRTC - BDV0026,Ordinary Non AC Seater 2+3,10:45,13:45,03h 00m,INR 203,52 Seats available,3.3,https://www.redbus.in/bus-tickets/aligarh-uttar-pradesh-to-delhi,Aligarh (uttar pradesh) to Delhi
UPSRTC - BDV0460,Janrath AC Seater 2+2,11:02,14:02,03h 00m,INR 304,36 Seats available,3.3,https://www.redbus.in/bus-tickets/aligarh-uttar-pradesh-to-delhi,Aligarh (uttar pradesh) to Delhi
UPSRTC - BDV0106,Ordinary Non AC Seater 2+3,11:05,14:25,03h 20m,INR 203,52 Seats available,3.3,https://www.redbus.in/bus-tickets/aligarh-uttar-pradesh-to-delhi,Aligarh (uttar pradesh) to Delhi
UPSRTC - BDV0084,Ordinary Non AC Seater 2+3,12:28,15:48,03h 20m,INR 203,52 Seats available,3.3,https://www.redbus.in/bus-tickets/aligarh-uttar-pradesh-to-delhi,Aligarh (uttar pradesh) to Delhi
UPSRTC - ALI0007,Janrath AC Seater 2+3,12:30,15:30,03h 00m,INR 263,47 Seats available,"3.5
20",https://www.redbus.in/bus-tickets/aligarh-uttar-pradesh-to-delhi,Aligarh (uttar pradesh) to Delhi
UPSRTC - BDV0098,Ordinary Non AC Seater 2+3,12:30,15:50,03h 20m,INR 203,52 Seats available,3.3,https://www.redbus.in/bus-tickets/aligarh-uttar-pradesh-to-delhi,Aligarh (uttar pradesh) to Delhi
UPSRTC - ALI0175,Janrath AC Seater 2+2,12:59,16:00,03h 01m,INR 304,36 Seats available,3.3,https://www.redbus.in/bus-tickets/aligarh-uttar-pradesh-to-delhi,Aligarh (uttar pradesh) to Delhi
UPSRTC - BDV0174,Janrath AC Seater 2+2,13:59,16:59,03h 00m,INR 304,34 Seats available,3.3,https://www.redbus.in/bus-tickets/aligarh-uttar-pradesh-to-delhi,Aligarh (uttar pradesh) to Delhi
UPSRTC - ALI0010,Janrath AC Seater 2+2,15:00,18:00,03h 00m,INR 304,33 Seats available,"2.6
41",https://www.redbus.in/bus-tickets/aligarh-uttar-pradesh-to-delhi,Aligarh (uttar pradesh) to Delhi
R S YADAV SMART BUS PRIVATE LIMITED,A/C Seater / Sleeper (2+1),22:15,04:15,06h 00m,INR 799,37 Seats available,"4.3
54",https://www.redbus.in/bus-tickets/delhi-to-bareilly,Delhi to Bareilly
New Khaira TPT,AC Sleeper (2+1),20:30,02:50,06h 20m,INR 749,21 Seats available,"3.3
14",https://www.redbus.in/bus-tickets/delhi-to-bareilly,Delhi to Bareilly
New Khaira Transport,A/C Seater / Sleeper (2+1),20:40,03:30,06h 50m,INR 600,22 Seats available,"1.9
13",https://www.redbus.in/bus-tickets/delhi-to-bareilly,Delhi to Bareilly
SHRI RAM TRAVELS,A/C Seater (2+2),23:59,05:15,05h 16m,INR 740,18 Seats available,"3.9
22",https://www.redbus.in/bus-tickets/delhi-to-bareilly,Delhi to Bareilly
SHRI RAM TRAVELS,A/C Seater (2+2),18:00,23:15,05h 15m,INR 740,19 Seats available,"3.4
10",https://www.redbus.in/bus-tickets/delhi-to-bareilly,Delhi to Bareilly
New Khaira Transport,A/C Seater / Sleeper (2+2),21:00,03:30,06h 30m,INR 450,40 Seats available,"1.8
45",https://www.redbus.in/bus-tickets/delhi-to-bareilly,Delhi to Bareilly
New Khaira Transport,A/C Seater / Sleeper (2+2),21:30,04:30,07h 00m,INR 600,40 Seats available,"2.8
7",https://www.redbus.in/bus-tickets/delhi-to-bareilly,Delhi to Bareilly
Rahul Travels,AshokLeyland Stile A/C,21:00,02:30,05h 30m,INR 826,30 Seats available,"1.9
6",https://www.redbus.in/bus-tickets/delhi-to-bareilly,Delhi to Bareilly
Jaiswal Tour and Travels,A/C Seater/Sleeper (2+1),20:30,02:30,06h 00m,INR 549,52 Seats available,"1.3
6",https://www.redbus.in/bus-tickets/delhi-to-bareilly,Delhi to Bareilly
New Khaira TPT,A/C Seater / Sleeper (2+2),21:00,03:00,06h 00m,INR 449,46 Seats available,3.3,https://www.redbus.in/bus-tickets/delhi-to-bareilly,Delhi to Bareilly
Chaturvedi Bus Service,NON A/C Seater/ Sleeper (2+1),22:00,01:30,03h 30m,INR 670,51 Seats available,2.4,https://www.redbus.in/bus-tickets/delhi-to-aligarh-uttar-pradesh,Delhi to Aligarh (uttar pradesh)
Chaturvedi Bus Service,NON AC Seater / Sleeper 2+1,21:00,00:30,03h 30m,INR 670,45 Seats available,2.4,https://www.redbus.in/bus-tickets/delhi-to-aligarh-uttar-pradesh,Delhi to Aligarh (uttar pradesh)
Chaturvedi Bus Service,NON A/C Seater/ Sleeper (2+1),19:30,01:30,06h 00m,INR 520,51 Seats available,2.4,https://www.redbus.in/bus-tickets/delhi-to-aligarh-uttar-pradesh,Delhi to Aligarh (uttar pradesh)
Chaturvedi Bus Service,A/C Seater / Sleeper (2+1),20:40,02:30,05h 50m,INR 600,48 Seats available,2.4,https://www.redbus.in/bus-tickets/delhi-to-aligarh-uttar-pradesh,Delhi to Aligarh (uttar pradesh)
KVS Holidays,Non A/C Seater / Sleeper (2+1),20:30,05:30,09h 00m,INR 699,30 Seats available,"1.0
8",https://www.redbus.in/bus-tickets/farrukhabad-up-to-delhi,Farrukhabad (Uttar Pradesh) to Delhi
Chaturvedi Bus Service,NON A/C Seater/ Sleeper (2+1),20:00,05:15,09h 15m,INR 600,51 Seats available,"3.5
12",https://www.redbus.in/bus-tickets/farrukhabad-up-to-delhi,Farrukhabad (Uttar Pradesh) to Delhi
Chaturvedi Bus Service,A/C Seater / Sleeper (2+1),19:30,05:00,09h 30m,INR 570,47 Seats available,"1.2
10",https://www.redbus.in/bus-tickets/farrukhabad-up-to-delhi,Farrukhabad (Uttar Pradesh) to Delhi
Abhay Travels (I.R.T.C),Non A/C Seater / Sleeper (2+1),18:00,06:00,12h 00m,INR 1200,26 Seats available,New,https://www.redbus.in/bus-tickets/farrukhabad-up-to-delhi,Farrukhabad (Uttar Pradesh) to Delhi
Yuvraj Travels,NON AC Seater / Sleeper 2+1,18:45,05:00,10h 15m,INR 550,40 Seats available,4.1,https://www.redbus.in/bus-tickets/farrukhabad-up-to-delhi,Farrukhabad (Uttar Pradesh) to Delhi
Yuvraj Travels,NON AC Seater / Sleeper 2+1,19:00,05:00,10h 00m,INR 550,40 Seats available,4.1,https://www.redbus.in/bus-tickets/farrukhabad-up-to-delhi,Farrukhabad (Uttar Pradesh) to Delhi
Yuvraj Travels,NON AC Seater / Sleeper 2+1,18:30,06:00,11h 30m,INR 550,40 Seats available,4.1,https://www.redbus.in/bus-tickets/farrukhabad-up-to-delhi,Farrukhabad (Uttar Pradesh) to Delhi
Chaturvedi Bus Service,NON A/C Seater/ Sleeper (2+1),16:30,03:30,11h 00m,INR 570,51 Seats available,2.5,https://www.redbus.in/bus-tickets/farrukhabad-up-to-delhi,Farrukhabad (Uttar Pradesh) to Delhi
Chaturvedi Bus Service,NON AC Seater / Sleeper 2+1,16:00,02:30,10h 30m,INR 620,45 Seats available,2.5,https://www.redbus.in/bus-tickets/farrukhabad-up-to-delhi,Farrukhabad (Uttar Pradesh) to Delhi
Shree Krishna Shtabadi Travels,NON AC Seater / Sleeper 2+1,18:30,05:20,10h 50m,INR 600,44 Seats available,1.4,https://www.redbus.in/bus-tickets/farrukhabad-up-to-delhi,Farrukhabad (Uttar Pradesh) to Delhi
UPSRTC - BDN0030,Ordinary Non AC Seater 2+3,10:30,17:15,06h 45m,INR 368,52 Seats available,3.3,https://www.redbus.in/bus-tickets/badaun-to-delhi,Badaun to Delhi
UPSRTC - KSB0006,Shatabdi AC Seater 2+2,12:00,18:00,06h 00m,INR 505,22 Seats available,"2.5
48",https://www.redbus.in/bus-tickets/badaun-to-delhi,Badaun to Delhi
UPSRTC - GNA0074,Ordinary Non AC Seater 2+3,12:30,18:00,05h 30m,INR 334,52 Seats available,3.3,https://www.redbus.in/bus-tickets/badaun-to-delhi,Badaun to Delhi
UPSRTC - SKD0022,Ordinary Non AC Seater 2+3,16:00,23:45,07h 45m,INR 368,52 Seats available,3.3,https://www.redbus.in/bus-tickets/badaun-to-delhi,Badaun to Delhi
UPSRTC - BDN0022,Ordinary Non AC Seater 2+3,20:00,02:00,06h 00m,INR 403,52 Seats available,3.3,https://www.redbus.in/bus-tickets/badaun-to-delhi,Badaun to Delhi
UPSRTC - KSB0004,Shatabdi AC Seater 2+2,23:00,05:00,06h 00m,INR 505,29 Seats available,"3.5
62",https://www.redbus.in/bus-tickets/badaun-to-delhi,Badaun to Delhi
ARORA TRAVELS,Volvo AC Seater (2+2),09:31,14:16,04h 45m,INR 703,25 Seats available,4.6,https://www.redbus.in/bus-tickets/lucknow-to-allahabad,Lucknow to Allahabad
ARORA TRAVELS,Volvo AC Seater (2+2),17:15,21:59,04h 44m,INR 703,25 Seats available,4.6,https://www.redbus.in/bus-tickets/lucknow-to-allahabad,Lucknow to Allahabad
ARORA TRAVELS,Volvo AC Seater (2+2),22:00,02:45,04h 45m,INR 703,25 Seats available,4.6,https://www.redbus.in/bus-tickets/lucknow-to-allahabad,Lucknow to Allahabad
Mahalaxmi Travels,Bharat Benz A/C Seater /Sleeper (2+1),23:15,03:45,04h 30m,INR 399,29 Seats available,"2.5
35",https://www.redbus.in/bus-tickets/lucknow-to-allahabad,Lucknow to Allahabad
PTC-SKYBUS,A/C Seater/Sleeper (2+1),22:30,05:30,07h 00m,INR 429,25 Seats available,"4.6
172",https://www.redbus.in/bus-tickets/lucknow-to-varanasi,Lucknow to Varanasi
Yolo Bus,A/C Sleeper (2+1),22:19,05:43,07h 24m,INR 560,18 Seats available,"3.8
247",https://www.redbus.in/bus-tickets/lucknow-to-varanasi,Lucknow to Varanasi
Mahalaxmi Travels,Bharat Benz A/C Seater /Sleeper (2+1),23:15,05:45,06h 30m,INR 399,29 Seats available,"3.7
412",https://www.redbus.in/bus-tickets/lucknow-to-varanasi,Lucknow to Varanasi
Crystal Bus Service,A/C Seater / Sleeper (2+1),22:00,04:59,06h 59m,379,32 Seats available,"3.6
17",https://www.redbus.in/bus-tickets/lucknow-to-varanasi,Lucknow to Varanasi
Avadh Express,Bharat Benz A/C Seater (2+2),23:00,05:00,06h 00m,INR 1199,26 Seats available,3.7,https://www.redbus.in/bus-tickets/lucknow-to-varanasi,Lucknow to Varanasi
UPSRTC - KSB0003,Shatabdi AC Seater 2+2,11:00,17:00,06h 00m,INR 505,30 Seats available,"3.9
40",https://www.redbus.in/bus-tickets/delhi-to-badaun,Delhi to Badaun
UPSRTC - BDN0019,Ordinary Non AC Seater 2+3,12:30,19:00,06h 30m,INR 403,52 Seats available,3.3,https://www.redbus.in/bus-tickets/delhi-to-badaun,Delhi to Badaun
UPSRTC - BDN0040,Ordinary Non AC Seater 2+3,13:00,19:30,06h 30m,INR 411,52 Seats available,3.3,https://www.redbus.in/bus-tickets/delhi-to-badaun,Delhi to Badaun
UPSRTC - BDN0076,Rajdhani Non AC Seater 2+3,13:36,19:31,05h 55m,INR 368,51 Seats available,3.3,https://www.redbus.in/bus-tickets/delhi-to-badaun,Delhi to Badaun
UPSRTC - BDN0037,Ordinary Non AC Seater 2+3,14:00,20:20,06h 20m,INR 407,52 Seats available,3.3,https://www.redbus.in/bus-tickets/delhi-to-badaun,Delhi to Badaun
UPSRTC - GRH0088,Ordinary Non AC Seater 2+3,14:00,21:05,07h 05m,INR 403,52 Seats available,3.3,https://www.redbus.in/bus-tickets/delhi-to-badaun,Delhi to Badaun
UPSRTC - GRH0089,Ordinary Non AC Seater 2+3,14:30,21:35,07h 05m,INR 403,52 Seats available,3.3,https://www.redbus.in/bus-tickets/delhi-to-badaun,Delhi to Badaun
UPSRTC - BDN0042,Ordinary Non AC Seater 2+3,15:30,22:00,06h 30m,INR 411,52 Seats available,3.3,https://www.redbus.in/bus-tickets/delhi-to-badaun,Delhi to Badaun
UPSRTC - BDN0044,Ordinary Non AC Seater 2+3,19:00,01:30,06h 30m,INR 411,52 Seats available,3.3,https://www.redbus.in/bus-tickets/delhi-to-badaun,Delhi to Badaun
UPSRTC - BDN0046,Ordinary Non AC Seater 2+3,21:00,03:30,06h 30m,INR 411,52 Seats available,3.3,https://www.redbus.in/bus-tickets/delhi-to-badaun,Delhi to Badaun
UPSRTC - BLY0065,Ordinary Non AC Seater 2+3,12:30,17:30,05h 00m,INR 323,52 Seats available,3.3,https://www.redbus.in/bus-tickets/agra-to-bareilly,Agra to Bareilly
UPSRTC - RKD0055,Ordinary Non AC Seater 2+3,13:31,19:31,06h 00m,INR 323,52 Seats available,3.3,https://www.redbus.in/bus-tickets/agra-to-bareilly,Agra to Bareilly
UPSRTC - BLY0070,Ordinary Non AC Seater 2+3,14:00,19:00,05h 00m,INR 323,52 Seats available,"3.1
4",https://www.redbus.in/bus-tickets/agra-to-bareilly,Agra to Bareilly
UPSRTC - AGF0047,Shatabdi AC Seater 2+2,14:01,20:00,05h 59m,INR 486,37 Seats available,"2.4
9",https://www.redbus.in/bus-tickets/agra-to-bareilly,Agra to Bareilly
UPSRTC - BLY0049,Janrath AC Seater 2+3,17:00,22:30,05h 30m,INR 417,45 Seats available,"1.9
10",https://www.redbus.in/bus-tickets/agra-to-bareilly,Agra to Bareilly
UPSRTC - BLY0134,Janrath AC Seater 2+2,23:05,05:00,05h 55m,INR 486,34 Seats available,"3.6
46",https://www.redbus.in/bus-tickets/agra-to-bareilly,Agra to Bareilly
Sethi Yatra Company,A/C Seater / Sleeper (2+1),18:30,23:50,05h 20m,570,23 Seats available,3.0,https://www.redbus.in/bus-tickets/allahabad-to-lucknow,Allahabad to Lucknow
ARORA TRAVELS,Volvo AC Seater (2+2),21:00,01:41,04h 41m,INR 703,25 Seats available,4.4,https://www.redbus.in/bus-tickets/allahabad-to-lucknow,Allahabad to Lucknow
ARORA TRAVELS,Volvo AC Seater (2+2),22:31,03:11,04h 40m,INR 703,25 Seats available,4.4,https://www.redbus.in/bus-tickets/allahabad-to-lucknow,Allahabad to Lucknow
Goyal Travels,A/C Seater / Sleeper (2+1),18:35,23:25,04h 50m,INR 750,25 Seats available,"2.8
4",https://www.redbus.in/bus-tickets/allahabad-to-lucknow,Allahabad to Lucknow
Mahalaxmi Travels,Bharat Benz A/C Seater /Sleeper (2+1),19:30,23:45,04h 15m,INR 899,31 Seats available,"2.6
18",https://www.redbus.in/bus-tickets/allahabad-to-lucknow,Allahabad to Lucknow
Mahalaxmi Travels,Bharat Benz A/C Seater /Sleeper (2+1),21:15,01:30,04h 15m,INR 899,21 Seats available,"2.8
13",https://www.redbus.in/bus-tickets/allahabad-to-lucknow,Allahabad to Lucknow
R S YADAV SMART BUS PRIVATE LIMITED,VE A/C Sleeper (2+1),20:45,05:55,09h 10m,INR 799,23 Seats available,"4.6
156",https://www.redbus.in/bus-tickets/sitapur-to-delhi,Sitapur (Uttar Pradesh) to Delhi
KVS Holidays,Non A/C Seater / Sleeper (2+1),21:30,06:30,09h 00m,INR 699,31 Seats available,"1.1
15",https://www.redbus.in/bus-tickets/delhi-to-farrukhabad-up,Delhi to Farrukhabad (Uttar Pradesh)
Yuvraj Travels,NON AC Seater / Sleeper 2+1,22:00,06:00,08h 00m,INR 550,40 Seats available,"4.1
4",https://www.redbus.in/bus-tickets/delhi-to-farrukhabad-up,Delhi to Farrukhabad (Uttar Pradesh)
Chaturvedi Bus Service,NON A/C Seater/ Sleeper (2+1),19:30,06:30,11h 00m,INR 520,51 Seats available,"2.0
10",https://www.redbus.in/bus-tickets/delhi-to-farrukhabad-up,Delhi to Farrukhabad (Uttar Pradesh)
Abhay Travels (I.R.T.C),Non A/C Seater / Sleeper (2+1),20:30,06:00,09h 30m,INR 1300,30 Seats available,New,https://www.redbus.in/bus-tickets/delhi-to-farrukhabad-up,Delhi to Farrukhabad (Uttar Pradesh)
Chaturvedi Bus Service,A/C Seater / Sleeper (2+1),20:40,07:30,10h 50m,INR 600,48 Seats available,"2.1
8",https://www.redbus.in/bus-tickets/delhi-to-farrukhabad-up,Delhi to Farrukhabad (Uttar Pradesh)
Shree Krishna Shtabadi Travels,NON AC Seater / Sleeper 2+1,21:00,06:00,09h 00m,INR 600,44 Seats available,"1.4
21",https://www.redbus.in/bus-tickets/delhi-to-farrukhabad-up,Delhi to Farrukhabad (Uttar Pradesh)
Yuvraj Travels,NON AC Seater / Sleeper 2+1,20:00,06:00,10h 00m,INR 550,40 Seats available,4.1,https://www.redbus.in/bus-tickets/delhi-to-farrukhabad-up,Delhi to Farrukhabad (Uttar Pradesh)
Yuvraj Travels,NON AC Seater / Sleeper 2+1,21:30,06:00,08h 30m,INR 550,40 Seats available,4.1,https://www.redbus.in/bus-tickets/delhi-to-farrukhabad-up,Delhi to Farrukhabad (Uttar Pradesh)
Chaturvedi Bus Service,NON A/C Seater/ Sleeper (2+1),22:00,07:10,09h 10m,INR 670,51 Seats available,2.0,https://www.redbus.in/bus-tickets/delhi-to-farrukhabad-up,Delhi to Farrukhabad (Uttar Pradesh)
Chaturvedi Bus Service,NON AC Seater / Sleeper 2+1,21:00,06:10,09h 10m,INR 670,45 Seats available,2.0,https://www.redbus.in/bus-tickets/delhi-to-farrukhabad-up,Delhi to Farrukhabad (Uttar Pradesh)
India Tours & Travels (GetBookCab),A/C Seater / Sleeper (2+2),18:15,21:45,03h 30m,INR 474,40 Seats available,"3.9
44",https://www.redbus.in/bus-tickets/moradabad-to-delhi,Moradabad to Delhi
Vijay Tour and Travels,A/C Seater / Sleeper (2+1),21:30,01:10,03h 40m,522,35 Seats available,"4.7
8",https://www.redbus.in/bus-tickets/moradabad-to-delhi,Moradabad to Delhi
Rinku Travels,A/C Seater / Sleeper (2+1),21:45,02:30,04h 45m,INR 500,45 Seats available,3.3,https://www.redbus.in/bus-tickets/moradabad-to-delhi,Moradabad to Delhi
Vijay Tour and Travels,Bharat Benz A/C Seater /Sleeper (2+1),22:00,01:30,03h 30m,474,38 Seats available,3.3,https://www.redbus.in/bus-tickets/moradabad-to-delhi,Moradabad to Delhi
SHRI KRISHNA TRAVELS (JAI SHREE GANESH YATRA CO.),VE A/C Seater / Sleeper (2+1),22:20,02:50,04h 30m,INR 599,27 Seats available,3.7,https://www.redbus.in/bus-tickets/moradabad-to-delhi,Moradabad to Delhi
Rahul Travels,AshokLeyland Stile A/C,23:40,05:00,05h 20m,INR 826,30 Seats available,3.4,https://www.redbus.in/bus-tickets/moradabad-to-delhi,Moradabad to Delhi
ROYAL SAFARI INDIA TRAVELS,Bharat Benz A/C Semi Sleeper (2+2),17:00,19:45,02h 45m,INR 499,28 Seats available,2.4,https://www.redbus.in/bus-tickets/moradabad-to-delhi,Moradabad to Delhi
ROYAL SAFARI INDIA TRAVELS,A/C Semi Sleeper (2+2),17:00,20:30,03h 30m,1169,24 Seats available,2.4,https://www.redbus.in/bus-tickets/moradabad-to-delhi,Moradabad to Delhi
VIP LUXURY TRIPS,A/C Seater / Sleeper (2+2),17:30,21:30,04h 00m,719,44 Seats available,1.7,https://www.redbus.in/bus-tickets/moradabad-to-delhi,Moradabad to Delhi
Vijay Tour and Travels,A/C Seater / Sleeper (2+1),19:10,23:20,04h 10m,600,38 Seats available,"2.6
17",https://www.redbus.in/bus-tickets/moradabad-to-delhi,Moradabad to Delhi
IntrCity SmartBus,A/C Seater / Sleeper (2+1),10:00,14:45,04h 45m,INR 299,14 Seats available,"4.7
37",https://www.redbus.in/bus-tickets/delhi-to-haridwar,Delhi to Haridwar
Laxmi holidays,Bharat Benz A/C Sleeper (2+1),10:00,15:00,05h 00m,INR 400,17 Seats available,"4.5
295",https://www.redbus.in/bus-tickets/delhi-to-haridwar,Delhi to Haridwar
FlixBus,A/C Seater (2+2),10:20,16:25,06h 05m,INR 332,34 Seats available,"3.5
10",https://www.redbus.in/bus-tickets/delhi-to-haridwar,Delhi to Haridwar
Zingbus Plus,VE A/C Seater (2+2),11:10,15:55,04h 45m,270,31 Seats available,"4.7
96",https://www.redbus.in/bus-tickets/delhi-to-haridwar,Delhi to Haridwar
IntrCity SmartBus,Bharat Benz A/C Seater /Sleeper (2+1),11:30,16:15,04h 45m,INR 299,41 Seats available,"3.2
76",https://www.redbus.in/bus-tickets/delhi-to-haridwar,Delhi to Haridwar
Laxmi holidays,Bharat Benz A/C Sleeper (2+1),11:50,16:50,05h 00m,INR 400,17 Seats available,"4.4
297",https://www.redbus.in/bus-tickets/delhi-to-haridwar,Delhi to Haridwar
NueGo,Electric A/C Seater (2+2),12:00,17:45,05h 45m,298,30 Seats available,"3.6
70",https://www.redbus.in/bus-tickets/delhi-to-haridwar,Delhi to Haridwar
Zingbus Plus,VE A/C Seater (2+2),12:40,17:00,04h 20m,284,27 Seats available,"4.5
93",https://www.redbus.in/bus-tickets/delhi-to-haridwar,Delhi to Haridwar
Zingbus Plus,Bharat Benz A/C Seater (2+2),17:45,22:40,04h 55m,283,40 Seats available,"4.6
216",https://www.redbus.in/bus-tickets/delhi-to-haridwar,Delhi to Haridwar
NueGo,Electric A/C Seater (2+2),13:00,19:10,06h 10m,298,38 Seats available,"4.3
93",https://www.redbus.in/bus-tickets/delhi-to-haridwar,Delhi to Haridwar
R S YADAV SMART BUS PRIVATE LIMITED,A/C Seater / Sleeper (2+1),22:15,06:30,08h 15m,INR 799,38 Seats available,"4.5
130",https://www.redbus.in/bus-tickets/delhi-to-sitapur,Delhi to Sitapur (Uttar Pradesh)
UPSRTC - BLY0133,Janrath AC Seater 2+2,14:32,20:00,05h 28m,INR 486,34 Seats available,"3.6
11",https://www.redbus.in/bus-tickets/bareilly-to-agra,Bareilly to Agra
UPSRTC - AGF0050,Shatabdi AC Seater 2+2,22:46,04:45,05h 59m,INR 486,40 Seats available,"3.2
17",https://www.redbus.in/bus-tickets/bareilly-to-agra,Bareilly to Agra
RSRTC - 192993,A/C Seater / Sleeper (2+1),23:30,04:20,04h 50m,INR 891,30 Seats available,"2.2
5",https://www.redbus.in/bus-tickets/agra-to-lucknow,Agra to Lucknow
BT Travels,A/C Seater / Sleeper (2+1),15:20,19:10,03h 50m,INR 499,33 Seats available,"4.4
71",https://www.redbus.in/bus-tickets/agra-to-lucknow,Agra to Lucknow
Raj Kalpana Travels Pvt.ltd.,VE A/C Seater (2+2),14:30,19:00,04h 30m,427,38 Seats available,"4.3
226",https://www.redbus.in/bus-tickets/agra-to-lucknow,Agra to Lucknow
Laxmi holidays,Bharat Benz A/C Seater /Sleeper (2+1),23:40,04:20,04h 40m,475,41 Seats available,"4.6
39",https://www.redbus.in/bus-tickets/agra-to-lucknow,Agra to Lucknow
Laxmi holidays,Bharat Benz A/C Seater /Sleeper (2+1),23:55,05:00,05h 05m,570,35 Seats available,"4.0
36",https://www.redbus.in/bus-tickets/agra-to-lucknow,Agra to Lucknow
Gola Bus Service,VE A/C Seater / Sleeper (2+1),12:30,16:50,04h 20m,INR 239,9 Seats available,"4.0
36",https://www.redbus.in/bus-tickets/agra-to-lucknow,Agra to Lucknow
R S YADAV SMART BUS PRIVATE LIMITED,VE A/C Seater / Sleeper (2+1),21:35,01:25,03h 50m,INR 799,30 Seats available,"4.8
8",https://www.redbus.in/bus-tickets/agra-to-lucknow,Agra to Lucknow
Vaishali Expresso Pvt. Ltd.,A/C Seater / Sleeper (2+2),21:15,01:30,04h 15m,450,48 Seats available,4.2,https://www.redbus.in/bus-tickets/agra-to-lucknow,Agra to Lucknow
R S YADAV SMART BUS PRIVATE LIMITED,A/C Seater / Sleeper (2+1),21:40,01:30,03h 50m,INR 549,31 Seats available,"4.1
6",https://www.redbus.in/bus-tickets/agra-to-lucknow,Agra to Lucknow
Anshi Rajshree Travels,Bharat Benz A/C Sleeper (2+1),01:00,06:50,05h 50m,854,12 Seats available,"4.8
15",https://www.redbus.in/bus-tickets/agra-to-lucknow,Agra to Lucknow
Raj Kalpana Travels Pvt.Ltd,A/C Sleeper (2+1),18:15,23:30,05h 15m,855,17 Seats available,"5.0
4",https://www.redbus.in/bus-tickets/kanpur-to-jhansi,Kanpur (Uttar Pradesh) to Jhansi
Samay Shatabdi Travels Pvt Ltd,NON AC Seater / Sleeper 2+1,18:30,23:50,05h 20m,INR 800,39 Seats available,4.1,https://www.redbus.in/bus-tickets/kanpur-to-jhansi,Kanpur (Uttar Pradesh) to Jhansi
Hans Travels (I) Private Limited,NON A/C Sleeper (2+1),19:00,22:40,03h 40m,INR 1000,16 Seats available,3.2,https://www.redbus.in/bus-tickets/kanpur-to-jhansi,Kanpur (Uttar Pradesh) to Jhansi
Samay Shatabdi Travels Pvt Ltd,AC Sleeper (2+1),19:00,23:57,04h 57m,900,30 Seats available,4.1,https://www.redbus.in/bus-tickets/kanpur-to-jhansi,Kanpur (Uttar Pradesh) to Jhansi
Dhariwal Travels,A/C Sleeper (2+1),19:10,23:40,04h 30m,INR 1300,36 Seats available,3.1,https://www.redbus.in/bus-tickets/kanpur-to-jhansi,Kanpur (Uttar Pradesh) to Jhansi
Hans Travels (I) Private Limited,NON A/C Sleeper (2+1),19:30,00:30,05h 00m,INR 1000,24 Seats available,3.2,https://www.redbus.in/bus-tickets/kanpur-to-jhansi,Kanpur (Uttar Pradesh) to Jhansi
Samay Shatabdi Travels Pvt Ltd,Bharat Benz A/C Sleeper (2+1),19:55,01:07,05h 12m,INR 699,22 Seats available,"4.4
18",https://www.redbus.in/bus-tickets/kanpur-to-jhansi,Kanpur (Uttar Pradesh) to Jhansi
Hans Travels (I) Private Limited,A/C Sleeper (2+1),20:00,23:50,03h 50m,INR 1300,24 Seats available,3.2,https://www.redbus.in/bus-tickets/kanpur-to-jhansi,Kanpur (Uttar Pradesh) to Jhansi
Jai Shrinath Ji Ki ® Travels,Bharat Benz A/C Sleeper (2+1),21:10,01:30,04h 20m,INR 700,18 Seats available,"3.9
7",https://www.redbus.in/bus-tickets/kanpur-to-jhansi,Kanpur (Uttar Pradesh) to Jhansi
Samay Shatabdi Travels Pvt Ltd,AC Sleeper (2+1),21:30,02:19,04h 49m,INR 699,16 Seats available,"3.9
20",https://www.redbus.in/bus-tickets/kanpur-to-jhansi,Kanpur (Uttar Pradesh) to Jhansi
Raj Kalpana Travels Pvt.ltd.,Bharat Benz A/C Seater /Sleeper (2+1),13:00,17:30,04h 30m,484,14 Seats available,"4.5
81",https://www.redbus.in/bus-tickets/lucknow-to-agra,Lucknow to Agra
IntrCity SmartBus,A/C Seater / Sleeper (2+1),23:00,03:45,04h 45m,INR 578,32 Seats available,"4.8
58",https://www.redbus.in/bus-tickets/lucknow-to-agra,Lucknow to Agra
Raj Kalpana Travels Pvt.ltd.,VE A/C Seater (2+2),14:00,18:00,04h 00m,569,37 Seats available,"4.2
106",https://www.redbus.in/bus-tickets/lucknow-to-agra,Lucknow to Agra
PTC-SKYBUS,VE A/C Seater / Sleeper (2+1),13:00,17:40,04h 40m,INR 500,19 Seats available,"4.5
65",https://www.redbus.in/bus-tickets/lucknow-to-agra,Lucknow to Agra
IntrCity SmartBus,Bharat Benz A/C Seater /Sleeper (2+1),22:45,03:35,04h 50m,INR 558,37 Seats available,"4.8
20",https://www.redbus.in/bus-tickets/lucknow-to-agra,Lucknow to Agra
IntrCity SmartBus,A/C Seater / Sleeper (2+1),21:45,02:45,05h 00m,INR 522,32 Seats available,"4.3
30",https://www.redbus.in/bus-tickets/lucknow-to-agra,Lucknow to Agra
IntrCity SmartBus,Bharat Benz A/C Seater /Sleeper (2+1),23:30,04:30,05h 00m,INR 683,32 Seats available,"4.4
25",https://www.redbus.in/bus-tickets/lucknow-to-agra,Lucknow to Agra
PTC-SKYBUS,VE A/C Seater / Sleeper (2+1),11:15,15:15,04h 00m,INR 500,5 Seats available,"4.0
32",https://www.redbus.in/bus-tickets/lucknow-to-agra,Lucknow to Agra
Ashok Bus Service,VE A/C Sleeper (2+1),23:10,03:30,04h 20m,749,40 Seats available,"4.5
19",https://www.redbus.in/bus-tickets/lucknow-to-agra,Lucknow to Agra
Mahalaxmi Travels,Bharat Benz A/C Seater /Sleeper (2+1),23:45,04:00,04h 15m,INR 899,31 Seats available,"3.5
45",https://www.redbus.in/bus-tickets/lucknow-to-agra,Lucknow to Agra
PTC-SKYBUS,A/C Seater/Sleeper (2+1),22:30,05:30,07h 00m,INR 399,28 Seats available,"4.7
137",https://www.redbus.in/bus-tickets/varanasi-to-lucknow,Varanasi to Lucknow
Mahalaxmi Travels,Bharat Benz A/C Seater /Sleeper (2+1),22:30,06:00,07h 30m,INR 399,33 Seats available,"3.9
450",https://www.redbus.in/bus-tickets/varanasi-to-lucknow,Varanasi to Lucknow
Mahalaxmi Travels,Bharat Benz A/C Seater /Sleeper (2+1),17:00,23:45,06h 45m,INR 899,31 Seats available,"3.8
54",https://www.redbus.in/bus-tickets/varanasi-to-lucknow,Varanasi to Lucknow
Mahalaxmi Travels,Bharat Benz A/C Seater /Sleeper (2+1),19:00,01:30,06h 30m,INR 899,29 Seats available,"3.0
49",https://www.redbus.in/bus-tickets/varanasi-to-lucknow,Varanasi to Lucknow
Raj Kalpana Travels Pvt.Ltd,A/C Seater/Sleeper (2+1),20:00,01:45,05h 45m,978,27 Seats available,"4.7
35",https://www.redbus.in/bus-tickets/varanasi-to-lucknow,Varanasi to Lucknow
Sethi Yatra Company,A/C Seater / Sleeper (2+1),16:05,23:50,07h 45m,555,23 Seats available,"3.0
21",https://www.redbus.in/bus-tickets/varanasi-to-lucknow,Varanasi to Lucknow
R S YADAV SMART BUS PRIVATE LIMITED,A/C Seater / Sleeper (2+2),16:15,01:21,09h 06m,INR 1150,56 Seats available,4.3,https://www.redbus.in/bus-tickets/varanasi-to-lucknow,Varanasi to Lucknow
Khajuraho Travels,A/C Seater / Sleeper (2+1),18:00,23:46,05h 46m,851,25 Seats available,"3.9
7",https://www.redbus.in/bus-tickets/varanasi-to-lucknow,Varanasi to Lucknow
SAFAR EXPRESS PVT LTD,A/C Seater / Sleeper (2+1),16:05,23:30,07h 25m,INR 1499,17 Seats available,3.8,https://www.redbus.in/bus-tickets/varanasi-to-lucknow,Varanasi to Lucknow
Vinay Travels,VE A/C Seater / Sleeper (2+1),21:30,02:00,04h 30m,1391,43 Seats available,2.9,https://www.redbus.in/bus-tickets/varanasi-to-lucknow,Varanasi to Lucknow
UPSRTC - FZG0001,Ordinary Non AC Seater 2+3,19:30,03:00,07h 30m,INR 413,52 Seats available,3.3,https://www.redbus.in/bus-tickets/bareilly-to-haridwar,Bareilly to Haridwar
UPSRTC - ORI0135,Ordinary Non AC Seater 2+3,19:35,03:30,07h 55m,INR 410,52 Seats available,3.3,https://www.redbus.in/bus-tickets/bareilly-to-haridwar,Bareilly to Haridwar
UPSRTC - STD0527,Ordinary Non AC Seater 2+3,20:35,03:04,06h 29m,INR 405,52 Seats available,3.3,https://www.redbus.in/bus-tickets/bareilly-to-haridwar,Bareilly to Haridwar
UPSRTC - RKD0039,Janrath AC Seater 2+2,21:00,03:55,06h 55m,INR 610,35 Seats available,"3.3
30",https://www.redbus.in/bus-tickets/bareilly-to-haridwar,Bareilly to Haridwar
UPSRTC - VKS0001,Janrath AC Seater 2+2,22:05,03:45,05h 40m,INR 625,36 Seats available,"3.9
12",https://www.redbus.in/bus-tickets/bareilly-to-haridwar,Bareilly to Haridwar
NueGo,Electric A/C Seater (2+2),11:00,15:50,04h 50m,403,4 Seats available,"3.9
233",https://www.redbus.in/bus-tickets/delhi-to-agra,Delhi to Agra
Raj Kalpana Travels Pvt.ltd.,VE A/C Seater (2+2),11:00,14:30,03h 30m,427,35 Seats available,"3.9
79",https://www.redbus.in/bus-tickets/delhi-to-agra,Delhi to Agra
BT Travels,A/C Seater / Sleeper (2+1),11:20,15:00,03h 40m,INR 499,31 Seats available,"3.7
35",https://www.redbus.in/bus-tickets/delhi-to-agra,Delhi to Agra
NueGo,Electric A/C Seater (2+2),13:00,17:50,04h 50m,284,30 Seats available,"3.8
206",https://www.redbus.in/bus-tickets/delhi-to-agra,Delhi to Agra
NueGo,Electric A/C Seater (2+2),14:00,18:50,04h 50m,284,43 Seats available,"3.7
108",https://www.redbus.in/bus-tickets/delhi-to-agra,Delhi to Agra
NueGo,Electric A/C Seater (2+2),15:00,19:30,04h 30m,284,27 Seats available,"3.7
165",https://www.redbus.in/bus-tickets/delhi-to-agra,Delhi to Agra
R S YADAV SMART BUS PRIVATE LIMITED,A/C Seater / Sleeper (2+1),17:00,21:40,04h 40m,INR 549,32 Seats available,4.3,https://www.redbus.in/bus-tickets/delhi-to-agra,Delhi to Agra
NueGo,Electric A/C Seater (2+2),16:00,20:50,04h 50m,284,35 Seats available,"3.6
122",https://www.redbus.in/bus-tickets/delhi-to-agra,Delhi to Agra
Laxmi holidays,Bharat Benz A/C Seater /Sleeper (2+1),16:30,21:00,04h 30m,475,44 Seats available,3.4,https://www.redbus.in/bus-tickets/delhi-to-agra,Delhi to Agra
R S YADAV SMART BUS PRIVATE LIMITED,VE A/C Seater / Sleeper (2+1),22:00,02:09,04h 09m,INR 449,42 Seats available,4.3,https://www.redbus.in/bus-tickets/delhi-to-agra,Delhi to Agra
R S YADAV SMART BUS PRIVATE LIMITED,A/C Seater / Sleeper (2+1),22:15,05:15,07h 00m,INR 799,38 Seats available,"4.4
54",https://www.redbus.in/bus-tickets/delhi-to-shahjahanpur,Delhi to Shahjahanpur (Uttar Pradesh)
NueGo,Electric A/C Seater (2+2),10:00,14:35,04h 35m,309,4 Seats available,"3.6
255",https://www.redbus.in/bus-tickets/agra-to-delhi,Agra to Delhi
NueGo,Electric A/C Seater (2+2),12:00,16:45,04h 45m,309,12 Seats available,"3.2
269",https://www.redbus.in/bus-tickets/agra-to-delhi,Agra to Delhi
NueGo,Electric A/C Seater (2+2),14:00,18:45,04h 45m,309,20 Seats available,"3.7
275",https://www.redbus.in/bus-tickets/agra-to-delhi,Agra to Delhi
NueGo,Electric A/C Seater (2+2),15:00,19:45,04h 45m,309,22 Seats available,"3.5
215",https://www.redbus.in/bus-tickets/agra-to-delhi,Agra to Delhi
PTC-SKYBUS,VE A/C Seater / Sleeper (2+1),15:15,19:30,04h 15m,INR 500,7 Seats available,3.8,https://www.redbus.in/bus-tickets/agra-to-delhi,Agra to Delhi
Falcon Tour And Travels,Volvo AC Seater (2+2),16:40,01:00,08h 20m,INR 699,39 Seats available,3.0,https://www.redbus.in/bus-tickets/agra-to-delhi,Agra to Delhi
NueGo,Electric A/C Seater (2+2),17:00,21:35,04h 35m,284,32 Seats available,"4.0
255",https://www.redbus.in/bus-tickets/agra-to-delhi,Agra to Delhi
FlixBus,A/C Seater (2+2),17:00,22:15,05h 15m,INR 401,15 Seats available,"3.9
40",https://www.redbus.in/bus-tickets/agra-to-delhi,Agra to Delhi
Raj Kalpana Travels Pvt.ltd.,Bharat Benz A/C Seater /Sleeper (2+1),17:30,21:00,03h 30m,474,14 Seats available,"3.6
34",https://www.redbus.in/bus-tickets/agra-to-delhi,Agra to Delhi
PTC-SKYBUS,VE A/C Seater / Sleeper (2+1),17:40,21:15,03h 35m,INR 500,19 Seats available,"3.8
6",https://www.redbus.in/bus-tickets/agra-to-delhi,Agra to Delhi
KANAHAIYA TOUR & TRAVELS,A/C Seater (2+3),23:00,06:30,07h 30m,INR 3000,36 Seats available, ,https://www.redbus.in/bus-tickets/lucknow-to-ballia,Lucknow to Ballia
UPSRTC - RKD0039,Janrath AC Seater 2+2,21:00,05:00,08h 00m,INR 814,36 Seats available,"3.7
25",https://www.redbus.in/bus-tickets/bareilly-to-dehradun,Bareilly to Dehradun
UPSRTC - VKS0001,Janrath AC Seater 2+2,22:05,05:15,07h 10m,INR 830,36 Seats available,"3.4
8",https://www.redbus.in/bus-tickets/bareilly-to-dehradun,Bareilly to Dehradun
Rai Tour and Travels,AC Seater (2+2),14:20,19:30,05h 10m,INR 349,30 Seats available,"4.3
14",https://www.redbus.in/bus-tickets/allahabad-to-azamgarh,Allahabad to Azamgarh
Samay Shatabdi Travels Pvt Ltd,Bharat Benz A/C Sleeper (2+1),20:00,02:45,06h 45m,INR 699,20 Seats available,"4.4
103",https://www.redbus.in/bus-tickets/kanpur-to-bareilly,Kanpur (Uttar Pradesh) to Bareilly
Mahalaxmi Travels,Bharat Benz A/C Seater /Sleeper (2+1),19:30,03:50,08h 20m,INR 599,33 Seats available,"3.4
37",https://www.redbus.in/bus-tickets/kanpur-to-bareilly,Kanpur (Uttar Pradesh) to Bareilly
Samay Shatabdi Travels Pvt Ltd,NON A/C Sleeper (2+1),23:45,02:30,02h 45m,INR 549,30 Seats available,3.8,https://www.redbus.in/bus-tickets/lucknow-to-ayodhya,Lucknow to Ayodhya
SHRINET TOUR AND TRAVELS,A/C Seater (2+2),10:40,13:45,03h 05m,INR 500,25 Seats available,2.7,https://www.redbus.in/bus-tickets/lucknow-to-ayodhya,Lucknow to Ayodhya
Shivansh travels,A/C Seater / Sleeper (2+1),10:50,13:15,02h 25m,INR 399,15 Seats available,1.7,https://www.redbus.in/bus-tickets/lucknow-to-ayodhya,Lucknow to Ayodhya
SHRINET TOUR AND TRAVELS,A/C Seater (2+2),12:30,15:10,02h 40m,INR 550,20 Seats available,2.7,https://www.redbus.in/bus-tickets/lucknow-to-ayodhya,Lucknow to Ayodhya
Shanvi travels,A/C Seater (2+2),14:32,17:45,03h 13m,INR 400,35 Seats available,"1.5
4",https://www.redbus.in/bus-tickets/lucknow-to-ayodhya,Lucknow to Ayodhya
RYS Travels,Bharat Benz A/C Seater / Sleeper (2+2),23:30,02:00,02h 30m,463,39 Seats available,1.8,https://www.redbus.in/bus-tickets/lucknow-to-ayodhya,Lucknow to Ayodhya
Gola Bus Service,VE A/C Seater / Sleeper (2+1),17:10,21:15,04h 05m,INR 1799,44 Seats available,4.4,https://www.redbus.in/bus-tickets/lucknow-to-ayodhya,Lucknow to Ayodhya
Shatabdi Travels Gorakhpur,AC Sleeper (2+1),23:46,03:31,03h 45m,INR 649,28 Seats available,3.9,https://www.redbus.in/bus-tickets/lucknow-to-ayodhya,Lucknow to Ayodhya
Anshi Raj Shree Travels,Bharat Benz A/C Seater /Sleeper (2+1),23:59,02:55,02h 56m,854,18 Seats available,4.0,https://www.redbus.in/bus-tickets/lucknow-to-ayodhya,Lucknow to Ayodhya
Betrwanti Travels,NON A/C Sleeper (1+2),10:05,18:00,07h 55m,INR 1300,30 Seats available,2.4,https://www.redbus.in/bus-tickets/lucknow-to-ayodhya,Lucknow to Ayodhya
UPSRTC - BDV0464,Ordinary Non AC Seater 2+3,12:00,23:25,11h 25m,INR 655,52 Seats available,3.3,https://www.redbus.in/bus-tickets/aligarh-to-lucknow,Aligarh (uttar pradesh) to Lucknow
UPSRTC - BDV0079,Janrath AC Seater 2+2,16:59,01:30,08h 31m,INR 948,36 Seats available,3.3,https://www.redbus.in/bus-tickets/aligarh-to-lucknow,Aligarh (uttar pradesh) to Lucknow
UPSRTC - ALI0333,Janrath AC Seater 2+2,17:59,02:45,08h 46m,INR 948,36 Seats available,3.3,https://www.redbus.in/bus-tickets/aligarh-to-lucknow,Aligarh (uttar pradesh) to Lucknow
UPSRTC - AWD0199,Pink Express AC Seater 2+2,20:02,04:00,07h 58m,INR 948,41 Seats available,"2.8
20",https://www.redbus.in/bus-tickets/aligarh-to-lucknow,Aligarh (uttar pradesh) to Lucknow
UPSRTC - BDV0077,Janrath AC Seater 2+2,21:20,05:00,07h 40m,INR 948,34 Seats available,"4.4
6",https://www.redbus.in/bus-tickets/aligarh-to-lucknow,Aligarh (uttar pradesh) to Lucknow
UPSRTC - ALI0171,Rajdhani Non AC Seater 2+3,21:30,08:20,10h 50m,INR 600,45 Seats available,3.3,https://www.redbus.in/bus-tickets/aligarh-to-lucknow,Aligarh (uttar pradesh) to Lucknow
RSRTC - 155960,Express Non AC Seater 2+3,11:40,13:30,01h 50m,INR 129,42 Seats available,3.6,https://www.redbus.in/bus-tickets/aligarh-to-agra,Aligarh (uttar pradesh) to Agra
SHRI KRISHNA TRAVELS (JAI SHREE GANESH YATRA CO.),VE A/C Seater / Sleeper (2+1),17:30,06:30,13h 00m,INR 699,15 Seats available,"4.5
143",https://www.redbus.in/bus-tickets/lucknow-to-haridwar,Lucknow to Haridwar
PTC-SKYBUS,VE A/C Seater / Sleeper (2+1),18:15,05:50,11h 35m,1329,23 Seats available,"4.7
65",https://www.redbus.in/bus-tickets/lucknow-to-haridwar,Lucknow to Haridwar
Mahalaxmi Travels,A/C Sleeper (2+1),17:00,06:30,13h 30m,INR 849,22 Seats available,"4.3
73",https://www.redbus.in/bus-tickets/lucknow-to-haridwar,Lucknow to Haridwar
Vijay Tour and Travels,Bharat Benz A/C Seater /Sleeper (2+1),21:10,08:10,11h 00m,832,34 Seats available,"3.0
88",https://www.redbus.in/bus-tickets/lucknow-to-haridwar,Lucknow to Haridwar
SHRI KRISHNA TRAVELS (JAI SHREE GANESH YATRA CO.),A/C Sleeper (2+2),21:35,08:00,10h 25m,INR 1599,32 Seats available,"3.5
7",https://www.redbus.in/bus-tickets/lucknow-to-haridwar,Lucknow to Haridwar
RSRTC - 193674,Express Non AC Seater 2+3,19:40,22:00,02h 20m,INR 130,42 Seats available,3.6,https://www.redbus.in/bus-tickets/lucknow-to-kanpur,Lucknow to Kanpur (Uttar Pradesh)
Jai Shrinath Ji Ki ® Travels,Bharat Benz A/C Sleeper (2+1),18:30,21:05,02h 35m,INR 400,30 Seats available,"3.4
6",https://www.redbus.in/bus-tickets/lucknow-to-kanpur,Lucknow to Kanpur (Uttar Pradesh)
Babu Travels,Bharat Benz A/C Seater /Sleeper (2+1),18:45,21:15,02h 30m,INR 700,31 Seats available,4.0,https://www.redbus.in/bus-tickets/lucknow-to-kanpur,Lucknow to Kanpur (Uttar Pradesh)
Samay Shatabdi Travels Pvt Ltd,AC Sleeper (2+1),18:30,21:30,03h 00m,INR 549,21 Seats available,2.9,https://www.redbus.in/bus-tickets/lucknow-to-kanpur,Lucknow to Kanpur (Uttar Pradesh)
Samay Shatabdi Travels Pvt Ltd,AC Sleeper (2+1),19:00,22:00,03h 00m,INR 600,23 Seats available,"2.9
8",https://www.redbus.in/bus-tickets/lucknow-to-kanpur,Lucknow to Kanpur (Uttar Pradesh)
BTS Bundelkhand Transport Services LLP,Non A/C Seater / Sleeper (2+1),21:45,23:55,02h 10m,INR 200,36 Seats available,"2.7
7",https://www.redbus.in/bus-tickets/lucknow-to-kanpur,Lucknow to Kanpur (Uttar Pradesh)
Shivansh travels,A/C Sleeper (2+1),22:30,23:50,25h 20m,INR 799,30 Seats available,1.7,https://www.redbus.in/bus-tickets/lucknow-to-kanpur,Lucknow to Kanpur (Uttar Pradesh)
Raj Kalpana Travels Pvt.Ltd,A/C Sleeper (2+1),15:00,18:15,03h 15m,855,26 Seats available,"4.8
4",https://www.redbus.in/bus-tickets/lucknow-to-kanpur,Lucknow to Kanpur (Uttar Pradesh)
Hans Travels (I) Private Limited,NON A/C Sleeper (2+1),15:30,19:00,03h 30m,INR 1200,24 Seats available,3.2,https://www.redbus.in/bus-tickets/lucknow-to-kanpur,Lucknow to Kanpur (Uttar Pradesh)
Hans Travels (I) Private Limited,NON A/C Sleeper (2+1),16:30,19:30,03h 00m,INR 1200,24 Seats available,3.2,https://www.redbus.in/bus-tickets/lucknow-to-kanpur,Lucknow to Kanpur (Uttar Pradesh)
ROYAL SAFARI INDIA TRAVELS,Bharat Benz A/C Seater /Sleeper (2+1),13:00,18:15,05h 15m,INR 699,24 Seats available,2.4,https://www.redbus.in/bus-tickets/lucknow-to-aligarh,Lucknow to Aligarh (uttar pradesh)
ROYAL SAFARI INDIA TRAVELS,Bharat Benz A/C Seater /Sleeper (2+1),13:00,18:15,05h 15m,INR 699,23 Seats available,2.4,https://www.redbus.in/bus-tickets/lucknow-to-aligarh,Lucknow to Aligarh (uttar pradesh)
Chaturvedi Bus Service,NON A/C Seater/ Sleeper (2+1),22:00,03:30,05h 30m,INR 670,51 Seats available,2.4,https://www.redbus.in/bus-tickets/delhi-to-etah-up,Delhi to Etah (Uttar Pradesh)
Chaturvedi Bus Service,NON AC Seater / Sleeper 2+1,21:00,02:30,05h 30m,INR 670,45 Seats available,2.4,https://www.redbus.in/bus-tickets/delhi-to-etah-up,Delhi to Etah (Uttar Pradesh)
Chaturvedi Bus Service,NON A/C Seater/ Sleeper (2+1),19:30,04:00,08h 30m,INR 520,51 Seats available,2.4,https://www.redbus.in/bus-tickets/delhi-to-etah-up,Delhi to Etah (Uttar Pradesh)
Chaturvedi Bus Service,A/C Seater / Sleeper (2+1),20:40,04:00,07h 20m,INR 600,48 Seats available,2.4,https://www.redbus.in/bus-tickets/delhi-to-etah-up,Delhi to Etah (Uttar Pradesh)
ROYAL SAFARI INDIA TRAVELS,NON AC Seater / Sleeper 2+1,18:00,23:15,05h 15m,INR 499,31 Seats available,2.4,https://www.redbus.in/bus-tickets/delhi-to-kotdwar,Delhi to Kotdwar (Uttarakhand)
ROYAL SAFARI INDIA TRAVELS,NON AC Seater / Sleeper 2+1,22:30,05:00,06h 30m,INR 499,29 Seats available,2.4,https://www.redbus.in/bus-tickets/delhi-to-kotdwar,Delhi to Kotdwar (Uttarakhand)
Vanshika Tour and Travels,NON A/C Seater (2+2),17:40,21:30,03h 50m,INR 200,43 Seats available, ,https://www.redbus.in/bus-tickets/allahabad-to-varanasi,Allahabad to Varanasi
Siddharth Holidays,AC Seater (2+2),18:05,20:30,02h 25m,INR 500,22 Seats available,"1.7
5",https://www.redbus.in/bus-tickets/allahabad-to-varanasi,Allahabad to Varanasi
Shri mahavir tour and travels,A/C Seater / Sleeper (2+1),10:04,13:24,03h 20m,INR 800,36 Seats available,4.2,https://www.redbus.in/bus-tickets/allahabad-to-varanasi,Allahabad to Varanasi
Dhariwal Travels,A/C Sleeper (2+1),10:20,12:55,02h 35m,INR 1610,36 Seats available,3.1,https://www.redbus.in/bus-tickets/allahabad-to-varanasi,Allahabad to Varanasi
Travel Point World LLP,A/C Seater / Sleeper (2+2),15:00,16:30,01h 30m,2034,31 Seats available,1.6,https://www.redbus.in/bus-tickets/allahabad-to-varanasi,Allahabad to Varanasi
Travel Point World LLP,AC Sleeper (2+1),19:15,20:45,01h 30m,3040,24 Seats available,1.6,https://www.redbus.in/bus-tickets/allahabad-to-varanasi,Allahabad to Varanasi
Blueworld tourist private limited,A/C Seater / Sleeper (2+1),11:50,13:51,02h 01m,INR 499,22 Seats available,3.7,https://www.redbus.in/bus-tickets/delhi-to-moradabad,Delhi to Moradabad
Blueworld tourist private limited,AC Seater (2+2),12:30,14:31,02h 01m,INR 499,37 Seats available,3.7,https://www.redbus.in/bus-tickets/delhi-to-moradabad,Delhi to Moradabad
Fasttrack Travels,A/C Seater/Sleeper (2+1),21:30,02:15,04h 45m,494,30 Seats available,4.6,https://www.redbus.in/bus-tickets/delhi-to-moradabad,Delhi to Moradabad
R S YADAV SMART BUS PRIVATE LIMITED,A/C Seater / Sleeper (2+1),22:00,02:25,04h 25m,INR 499,40 Seats available,4.3,https://www.redbus.in/bus-tickets/delhi-to-moradabad,Delhi to Moradabad
R S YADAV SMART BUS PRIVATE LIMITED,VE A/C Sleeper (2+1),22:15,02:15,04h 00m,INR 799,33 Seats available,4.3,https://www.redbus.in/bus-tickets/delhi-to-moradabad,Delhi to Moradabad
International Tourist Centre,VE A/C Seater / Sleeper (2+1),22:15,02:40,04h 25m,INR 449,34 Seats available,4.8,https://www.redbus.in/bus-tickets/delhi-to-moradabad,Delhi to Moradabad
International Tourist Centre,VE A/C Seater / Sleeper (2+1),22:25,02:45,04h 20m,INR 449,39 Seats available,"4.8
8",https://www.redbus.in/bus-tickets/delhi-to-moradabad,Delhi to Moradabad
Fasttrack Travels,VE A/C Seater / Sleeper (2+2),22:30,01:50,03h 20m,494,24 Seats available,"4.1
4",https://www.redbus.in/bus-tickets/delhi-to-moradabad,Delhi to Moradabad
India Tours & Travels (GetBookCab),A/C Seater / Sleeper (2+2),22:45,01:10,02h 25m,INR 550,34 Seats available,4.3,https://www.redbus.in/bus-tickets/delhi-to-moradabad,Delhi to Moradabad
India Tours & Travels (GetBookCab),A/C Seater / Sleeper (2+2),23:00,03:00,04h 00m,INR 445,32 Seats available,"4.0
18",https://www.redbus.in/bus-tickets/delhi-to-moradabad,Delhi to Moradabad
Vanshika Tour and Travels,NON A/C Seater (2+2),10:50,14:00,03h 10m,INR 200,43 Seats available, ,https://www.redbus.in/bus-tickets/varanasi-to-allahabad,Varanasi to Allahabad
Mishra Travels,NON A/C Seater (2+2),13:30,17:00,03h 30m,INR 220,25 Seats available,New,https://www.redbus.in/bus-tickets/varanasi-to-allahabad,Varanasi to Allahabad
Comfort Tour and Travels,NON A/C Seater Push Back (2+2),15:00,18:00,03h 00m,INR 499,26 Seats available,2.2,https://www.redbus.in/bus-tickets/varanasi-to-allahabad,Varanasi to Allahabad
Vanshika Tour and Travels,NON A/C Seater (2+2),16:55,21:00,04h 05m,INR 200,43 Seats available,New,https://www.redbus.in/bus-tickets/varanasi-to-allahabad,Varanasi to Allahabad
Shri mahavir tour and travels,AC Sleeper (2+1),14:05,17:00,02h 55m,INR 1200,33 Seats available,4.2,https://www.redbus.in/bus-tickets/varanasi-to-allahabad,Varanasi to Allahabad
Shri mahavir tour and travels,AC Sleeper (2+1),15:00,17:49,02h 49m,INR 3000,32 Seats available,4.2,https://www.redbus.in/bus-tickets/varanasi-to-allahabad,Varanasi to Allahabad
Hans Travels (I) Private Limited,A/C Sleeper (2+1),15:30,18:45,03h 15m,INR 1600,25 Seats available,3.2,https://www.redbus.in/bus-tickets/varanasi-to-allahabad,Varanasi to Allahabad
Sanjay Travels,AC Sleeper (2+1),15:30,18:45,03h 15m,INR 1800,18 Seats available,3.7,https://www.redbus.in/bus-tickets/varanasi-to-allahabad,Varanasi to Allahabad
Laxmi holidays,Bharat Benz A/C Seater /Sleeper (2+1),16:00,19:15,03h 15m,950,42 Seats available,4.0,https://www.redbus.in/bus-tickets/varanasi-to-allahabad,Varanasi to Allahabad
Goyal Travels,A/C Seater / Sleeper (2+1),16:00,18:35,02h 35m,INR 750,28 Seats available,3.3,https://www.redbus.in/bus-tickets/varanasi-to-allahabad,Varanasi to Allahabad
Yolo Bus,A/C Sleeper (2+1),22:19,04:04,05h 45m,INR 550,18 Seats available,"4.2
16",https://www.redbus.in/bus-tickets/lucknow-to-jaunpur,Lucknow to Jaunpur
RSRTC - 155959,Express Non AC Seater 2+3,12:00,18:10,06h 10m,INR 463,42 Seats available,"1.0
6",https://www.redbus.in/bus-tickets/aligarh-to-haridwar,Aligarh (uttar pradesh) to Haridwar
SHRI KRISHNA TRAVELS (JAI SHREE GANESH YATRA CO.),VE A/C Seater / Sleeper (2+1),23:59,04:30,04h 31m,INR 699,28 Seats available,"2.7
16",https://www.redbus.in/bus-tickets/aligarh-to-haridwar,Aligarh (uttar pradesh) to Haridwar
R S YADAV SMART BUS PRIVATE LIMITED,VE A/C Sleeper (2+1),22:45,05:55,07h 10m,INR 799,23 Seats available,"4.2
64",https://www.redbus.in/bus-tickets/shahjahanpur-to-delhi,Shahjahanpur (Uttar Pradesh) to Delhi
Ashok Tour And Travels,AC Seater (2+2),16:00,19:30,03h 30m,INR 549,30 Seats available,"4.3
32",https://www.redbus.in/bus-tickets/lucknow-to-azamgarh,Lucknow to Azamgarh
Ashok Tour And Travels,AC Seater (2+2),13:30,16:45,03h 15m,INR 549,21 Seats available,"4.1
10",https://www.redbus.in/bus-tickets/lucknow-to-azamgarh,Lucknow to Azamgarh
Ashok Tour And Travels,AC Seater (2+2),17:30,20:45,03h 15m,INR 549,26 Seats available,"3.9
6",https://www.redbus.in/bus-tickets/lucknow-to-azamgarh,Lucknow to Azamgarh
Bhanupriya Express,A/C Seater (2+1),13:55,18:45,04h 50m,INR 400,29 Seats available,"2.8
15",https://www.redbus.in/bus-tickets/lucknow-to-azamgarh,Lucknow to Azamgarh
Aarohi Travels,AC Seater (2+2),15:00,18:30,03h 30m,INR 500,40 Seats available,"2.9
9",https://www.redbus.in/bus-tickets/lucknow-to-azamgarh,Lucknow to Azamgarh
Ashok Tour And Travels,A/C Seater (2+1),19:30,22:45,03h 15m,INR 549,16 Seats available,"2.4
8",https://www.redbus.in/bus-tickets/lucknow-to-azamgarh,Lucknow to Azamgarh
Aarohi Travels,Non AC Seater (2+2),17:00,21:00,04h 00m,INR 400,40 Seats available,2.9,https://www.redbus.in/bus-tickets/lucknow-to-azamgarh,Lucknow to Azamgarh
Aditya Bus Service,Non AC Seater (2+2),15:00,19:40,04h 40m,INR 450,41 Seats available,2.5,https://www.redbus.in/bus-tickets/lucknow-to-azamgarh,Lucknow to Azamgarh
Aditya Bus Service,Non AC Seater (2+2),15:00,19:40,04h 40m,INR 399,29 Seats available,2.5,https://www.redbus.in/bus-tickets/lucknow-to-azamgarh,Lucknow to Azamgarh
Shiv Ganga,A/C Seater Push Back (2+2),15:30,19:20,03h 50m,INR 799,33 Seats available,1.3,https://www.redbus.in/bus-tickets/lucknow-to-azamgarh,Lucknow to Azamgarh
KANAHAIYA TOUR & TRAVELS,A/C Seater (2+3),23:00,04:00,05h 00m,INR 3000,36 Seats available, ,https://www.redbus.in/bus-tickets/lucknow-to-azamgarh,Lucknow to Azamgarh
R S YADAV SMART BUS PRIVATE LIMITED,A/C Seater / Sleeper (2+2),18:35,01:21,06h 46m,INR 1150,56 Seats available,4.3,https://www.redbus.in/bus-tickets/jaunpur-to-lucknow,Jaunpur to Lucknow
Raj Kalpana Travels Pvt.Ltd,A/C Seater/Sleeper (2+1),21:30,01:45,04h 15m,978,27 Seats available,"4.8
5",https://www.redbus.in/bus-tickets/jaunpur-to-lucknow,Jaunpur to Lucknow
Vinay Travels,VE A/C Seater / Sleeper (2+1),23:00,02:00,03h 00m,1391,44 Seats available,2.9,https://www.redbus.in/bus-tickets/jaunpur-to-lucknow,Jaunpur to Lucknow
HIGHWAY STAR TRAVEL & CARGO,A/C Seater/Sleeper (2+1),19:15,00:15,05h 00m,924,31 Seats available,3.1,https://www.redbus.in/bus-tickets/jaunpur-to-lucknow,Jaunpur to Lucknow
Samay Shatabdi Travels Pvt Ltd,AC Sleeper (2+1),17:30,21:00,03h 30m,INR 600,25 Seats available,"3.8
11",https://www.redbus.in/bus-tickets/kanpur-to-lucknow,Kanpur (Uttar Pradesh) to Lucknow
Samay Shatabdi Travels Pvt Ltd,Bharat Benz A/C Sleeper (2+1),20:00,22:00,02h 00m,INR 500,20 Seats available,3.8,https://www.redbus.in/bus-tickets/kanpur-to-lucknow,Kanpur (Uttar Pradesh) to Lucknow
Shatabdi Travels Gorakhpur,AC Sleeper (2+1),21:01,23:31,02h 30m,INR 649,27 Seats available,3.9,https://www.redbus.in/bus-tickets/kanpur-to-lucknow,Kanpur (Uttar Pradesh) to Lucknow
Mahalaxmi Travels,Bharat Benz A/C Seater /Sleeper (2+1),19:30,22:45,03h 15m,INR 599,37 Seats available,"1.5
4",https://www.redbus.in/bus-tickets/kanpur-to-lucknow,Kanpur (Uttar Pradesh) to Lucknow
MISHRA BANDHU BUS SERVICE,A/C Seater / Sleeper (2+1),18:30,21:30,03h 00m,INR 840,45 Seats available,"3.4
4",https://www.redbus.in/bus-tickets/kanpur-to-lucknow,Kanpur (Uttar Pradesh) to Lucknow
KANAHAIYA TOUR & TRAVELS,A/C Seater (2+3),19:00,23:00,04h 00m,INR 3000,50 Seats available, ,https://www.redbus.in/bus-tickets/kanpur-to-lucknow,Kanpur (Uttar Pradesh) to Lucknow
Baba Travels Mathura,VE A/C Sleeper (2+1),20:00,06:00,10h 00m,INR 1000,20 Seats available,"4.6
74",https://www.redbus.in/bus-tickets/agra-to-haridwar,Agra to Haridwar
SHRI KRISHNA TRAVELS (JAI SHREE GANESH YATRA CO.),VE A/C Seater / Sleeper (2+1),20:00,04:30,08h 30m,INR 699,26 Seats available,"3.5
116",https://www.redbus.in/bus-tickets/agra-to-haridwar,Agra to Haridwar
PTC-SKYBUS,VE A/C Seater / Sleeper (2+1),22:50,05:50,07h 00m,1329,24 Seats available,"4.8
9",https://www.redbus.in/bus-tickets/agra-to-haridwar,Agra to Haridwar
SHRI KRISHNA TRAVELS (JAI SHREE GANESH YATRA CO.),VE A/C Seater / Sleeper (2+1),21:20,06:30,09h 10m,INR 699,15 Seats available,"4.1
17",https://www.redbus.in/bus-tickets/agra-to-haridwar,Agra to Haridwar
Shatabdi Travels,Bharat Benz A/C Sleeper (2+1),23:30,06:20,06h 50m,899,24 Seats available,"2.4
4",https://www.redbus.in/bus-tickets/agra-to-haridwar,Agra to Haridwar
Mahalaxmi Travels,A/C Sleeper (2+1),22:15,06:30,08h 15m,INR 849,22 Seats available,"2.7
5",https://www.redbus.in/bus-tickets/agra-to-haridwar,Agra to Haridwar
Samay Shatabdi Travels Pvt Ltd,A/C Sleeper (2+1),23:59,06:38,06h 39m,INR 799,10 Seats available,3.8,https://www.redbus.in/bus-tickets/agra-to-haridwar,Agra to Haridwar
Samay Shatabdi Travels Pvt Ltd,Bharat Benz A/C Sleeper (2+1),23:30,06:35,07h 05m,INR 799,23 Seats available,3.8,https://www.redbus.in/bus-tickets/agra-to-haridwar,Agra to Haridwar
SHRI KRISHNA TRAVELS (JAI SHREE GANESH YATRA CO.),VE A/C Seater / Sleeper (2+1),23:59,07:30,07h 31m,INR 699,25 Seats available,"3.7
35",https://www.redbus.in/bus-tickets/agra-to-haridwar,Agra to Haridwar
Shrinath Travels Gwalior,NON A/C Sleeper (2+1),23:30,08:00,08h 30m,INR 700,22 Seats available,"3.9
19",https://www.redbus.in/bus-tickets/agra-to-haridwar,Agra to Haridwar
Anshi Raj Shree Travels,Bharat Benz A/C Seater /Sleeper (2+1),23:59,05:45,05h 46m,854,13 Seats available,"4.1
72",https://www.redbus.in/bus-tickets/lucknow-to-gorakhpur,Lucknow to Gorakhpur (uttar pradesh)
Shatabdi Travels Gorakhpur,AC Sleeper (2+1),23:46,05:48,06h 02m,INR 649,27 Seats available,"3.4
24",https://www.redbus.in/bus-tickets/lucknow-to-gorakhpur,Lucknow to Gorakhpur (uttar pradesh)
Samay Shatabdi Travels Pvt Ltd,AC Sleeper (2+1),21:00,01:15,04h 15m,INR 700,23 Seats available,"2.5
5",https://www.redbus.in/bus-tickets/lucknow-to-gorakhpur,Lucknow to Gorakhpur (uttar pradesh)
Shanvi travels,A/C Seater (2+2),14:32,20:40,06h 08m,INR 480,35 Seats available,"3.2
8",https://www.redbus.in/bus-tickets/lucknow-to-gorakhpur,Lucknow to Gorakhpur (uttar pradesh)
Panwar Travels,A/C Seater / Sleeper (2+1),21:30,02:55,05h 25m,INR 2500,32 Seats available,"3.7
4",https://www.redbus.in/bus-tickets/lucknow-to-gorakhpur,Lucknow to Gorakhpur (uttar pradesh)
Samay Shatabdi Travels Pvt Ltd,NON A/C Sleeper (2+1),23:45,05:00,05h 15m,INR 549,28 Seats available,"2.5
21",https://www.redbus.in/bus-tickets/lucknow-to-gorakhpur,Lucknow to Gorakhpur (uttar pradesh)
SHRINET TOUR AND TRAVELS,A/C Seater (2+2),10:40,16:00,05h 20m,INR 500,25 Seats available,"2.4
7",https://www.redbus.in/bus-tickets/lucknow-to-gorakhpur,Lucknow to Gorakhpur (uttar pradesh)
MISHRA BANDHU BUS SERVICE,A/C Seater / Sleeper (2+1),21:30,03:30,06h 00m,INR 840,45 Seats available,"2.2
15",https://www.redbus.in/bus-tickets/lucknow-to-gorakhpur,Lucknow to Gorakhpur (uttar pradesh)
SHRINET TOUR AND TRAVELS,A/C Seater (2+2),12:40,17:50,05h 10m,INR 500,19 Seats available,"2.4
11",https://www.redbus.in/bus-tickets/lucknow-to-gorakhpur,Lucknow to Gorakhpur (uttar pradesh)
RYS Travels,Bharat Benz A/C Seater / Sleeper (2+2),23:30,05:00,05h 30m,463,27 Seats available,"2.0
7",https://www.redbus.in/bus-tickets/lucknow-to-gorakhpur,Lucknow to Gorakhpur (uttar pradesh)
International Tourist Centre,VE A/C Seater / Sleeper (2+1),22:25,05:05,06h 40m,INR 449,37 Seats available,"4.6
457",https://www.redbus.in/bus-tickets/delhi-to-haldwani,Delhi to Haldwani
Fasttrack Travels,VE A/C Seater / Sleeper (2+2),22:30,05:15,06h 45m,494,24 Seats available,"4.3
387",https://www.redbus.in/bus-tickets/delhi-to-haldwani,Delhi to Haldwani
Laxmi holidays,Bharat Benz A/C Sleeper (2+1),23:00,05:00,06h 00m,607,33 Seats available,"4.3
335",https://www.redbus.in/bus-tickets/delhi-to-haldwani,Delhi to Haldwani
Laxmi holidays,VE A/C Sleeper (2+1),23:30,05:15,05h 45m,664,25 Seats available,"4.4
152",https://www.redbus.in/bus-tickets/delhi-to-haldwani,Delhi to Haldwani
R S YADAV SMART BUS PRIVATE LIMITED,A/C Seater / Sleeper (2+1),22:00,05:00,07h 00m,INR 499,37 Seats available,"4.3
201",https://www.redbus.in/bus-tickets/delhi-to-haldwani,Delhi to Haldwani
Laxmi holidays,VE A/C Seater / Sleeper (2+1),22:30,04:30,06h 00m,607,16 Seats available,"4.2
336",https://www.redbus.in/bus-tickets/delhi-to-haldwani,Delhi to Haldwani
Laxmi holidays,Bharat Benz A/C Sleeper (2+1),23:50,05:30,05h 40m,569,36 Seats available,"4.4
111",https://www.redbus.in/bus-tickets/delhi-to-haldwani,Delhi to Haldwani
India Tours & Travels (GetBookCab),A/C Seater / Sleeper (2+2),23:00,05:30,06h 30m,INR 474,32 Seats available,"4.0
339",https://www.redbus.in/bus-tickets/delhi-to-haldwani,Delhi to Haldwani
Fasttrack Travels,A/C Seater/Sleeper (2+1),21:30,05:45,08h 15m,494,31 Seats available,"3.3
17",https://www.redbus.in/bus-tickets/delhi-to-haldwani,Delhi to Haldwani
Blueworld tourist private limited,A/C Seater / Sleeper (2+1),23:25,05:45,06h 20m,INR 499,24 Seats available,"4.5
145",https://www.redbus.in/bus-tickets/delhi-to-haldwani,Delhi to Haldwani
