Bus_name,Bus_type,Start_time,End_time,Total_duration,Price,Seats_Available,Ratings,Route_link,From ,To
KSRTC (Kerala) - 97,Swift Deluxe Non AC Air Bus (2+2),16:02,00:50,08h 48m,INR 567,8 Seats available,"3.0
19",https://www.redbus.in/bus-tickets/bangalore-to-kozhikode,,
KSRTC (Kerala) - 171,Swift Deluxe Non AC Air Bus (2+2),16:16,01:20,09h 04m,INR 640,15 Seats available,"3.3
8",https://www.redbus.in/bus-tickets/bangalore-to-kozhikode,,
KSRTC (Kerala) - 553,Super Express Non AC Seater Air Bus (2+2),16:45,01:25,08h 40m,INR 640,3 Seats available,"3.7
11",https://www.redbus.in/bus-tickets/bangalore-to-kozhikode,,
KSRTC (Kerala) - 2056,Swift Deluxe Non AC Air Bus (2+2),20:01,04:26,08h 25m,INR 567,36 Seats available,3.6,https://www.redbus.in/bus-tickets/bangalore-to-kozhikode,,
KSRTC (Kerala) - 1585,Super Express Non AC Seater Air Bus (2+2),20:31,05:36,09h 05m,INR 640,20 Seats available,"3.9
53",https://www.redbus.in/bus-tickets/bangalore-to-kozhikode,,
KSRTC (Kerala) - 2133,Swift Deluxe Non AC Air Bus (2+2),22:12,07:36,09h 24m,INR 640,23 Seats available,"4.3
16",https://www.redbus.in/bus-tickets/bangalore-to-kozhikode,,
KSRTC (Kerala) - 2063,SWIFT-GARUDA A/C SEATER BUS,22:32,07:35,09h 03m,INR 627,14 Seats available,"3.3
41",https://www.redbus.in/bus-tickets/bangalore-to-kozhikode,,
KSRTC (Kerala) - 574,Super Express Non AC Seater Air Bus (2+2),23:00,09:30,10h 30m,INR 469,29 Seats available,"3.3
30",https://www.redbus.in/bus-tickets/bangalore-to-kozhikode,,
KSRTC (Kerala) - 583,Super Express Non AC Seater Air Bus (2+2),23:30,09:35,10h 05m,INR 469,24 Seats available,"3.4
63",https://www.redbus.in/bus-tickets/bangalore-to-kozhikode,,
KSRTC (Kerala) - 56,SWIFT-GARUDA A/C SEATER BUS,23:41,09:05,09h 24m,INR 627,25 Seats available,"3.8
49",https://www.redbus.in/bus-tickets/bangalore-to-kozhikode,,
MMK Travels,VE A/C Seater / Sleeper (2+1),22:30,07:30,09h 00m,INR 700,16 Seats available,"4.4
486",https://www.redbus.in/bus-tickets/bangalore-to-kozhikode,,
SAAM BUS,VE A/C Sleeper (2+1),20:10,06:45,10h 35m,INR 800,16 Seats available,"4.5
161",https://www.redbus.in/bus-tickets/bangalore-to-kozhikode,,
Kyros Connect,Bharat Benz A/C Semi Sleeper (2+2),23:00,09:00,10h 00m,INR 599,34 Seats available,"4.2
340",https://www.redbus.in/bus-tickets/bangalore-to-kozhikode,,
AdSuraj Holidays,VE A/C Sleeper (2+1),22:30,07:30,09h 00m,INR 850,19 Seats available,"3.8
274",https://www.redbus.in/bus-tickets/bangalore-to-kozhikode,,
NS Transports,VE A/C Sleeper (2+1),22:45,07:30,08h 45m,INR 1000,8 Seats available,"4.2
287",https://www.redbus.in/bus-tickets/bangalore-to-kozhikode,,
KSRTC (Kerala) - 2898,Low Floor AC Seater 2+2,16:00,22:15,06h 15m,INR 383,12 Seats available,3,https://www.redbus.in/bus-tickets/kozhikode-to-ernakulam,,
KSRTC (Kerala) - 2874,Super Fast Non AC Seater (2+3),16:20,22:30,06h 10m,INR 230,48 Seats available,3,https://www.redbus.in/bus-tickets/kozhikode-to-ernakulam,,
KSRTC (Kerala) - 1883,Low Floor AC Seater 2+2,16:30,22:09,05h 39m,INR 383,3 Seats available,"3.3
30",https://www.redbus.in/bus-tickets/kozhikode-to-ernakulam,,
KSRTC (Kerala) - 1762,Super Express Non AC Seater Air Bus (2+2),17:01,21:34,04h 33m,INR 309,30 Seats available,3,https://www.redbus.in/bus-tickets/kozhikode-to-ernakulam,,
KSRTC (Kerala) - 503,Super Express Non AC Seater Air Bus (2+2),17:42,22:00,04h 18m,INR 309,32 Seats available,"2.1
35",https://www.redbus.in/bus-tickets/kozhikode-to-ernakulam,,
KSRTC (Kerala) - 2900,Low Floor AC Seater 2+2,18:00,00:15,06h 15m,INR 383,27 Seats available,3,https://www.redbus.in/bus-tickets/kozhikode-to-ernakulam,,
KSRTC (Kerala) - 556,Super Express Non AC Seater Air Bus (2+2),18:00,22:50,04h 50m,INR 309,29 Seats available,"1.7
16",https://www.redbus.in/bus-tickets/kozhikode-to-ernakulam,,
KSRTC (Kerala) - 1872,Low Floor AC Seater 2+2,18:30,23:44,05h 14m,INR 383,8 Seats available,"3.6
25",https://www.redbus.in/bus-tickets/kozhikode-to-ernakulam,,
KSRTC (Kerala) - 467,Super Express Non AC Seater Air Bus (2+2),19:55,00:35,04h 40m,INR 309,21 Seats available,"2.2
13",https://www.redbus.in/bus-tickets/kozhikode-to-ernakulam,,
KSRTC (Kerala) - 564,Super Express Non AC Seater Air Bus (2+2),20:12,00:51,04h 39m,INR 309,23 Seats available,"3.7
19",https://www.redbus.in/bus-tickets/kozhikode-to-ernakulam,,
KSRTC (Kerala) - 46,Swift Deluxe Non AC Air Bus (2+2),20:25,01:01,04h 36m,INR 309,22 Seats available,3,https://www.redbus.in/bus-tickets/kozhikode-to-ernakulam,,
KSRTC (Kerala) - 2393,Low Floor AC Seater 2+2,20:30,01:44,05h 14m,INR 383,19 Seats available,"4.3
5",https://www.redbus.in/bus-tickets/kozhikode-to-ernakulam,,
KSRTC (Kerala) - 827,Super Fast Non AC Seater (2+3),21:00,02:35,05h 35m,INR 269,47 Seats available,"4.2
7",https://www.redbus.in/bus-tickets/kozhikode-to-ernakulam,,
KSRTC (Kerala) - 531,Super Express Non AC Seater Air Bus (2+2),21:15,01:10,03h 55m,INR 309,6 Seats available,"3.3
8",https://www.redbus.in/bus-tickets/kozhikode-to-ernakulam,,
KSRTC (Kerala) - 42,Swift Deluxe Non AC Air Bus (2+2),21:25,02:05,04h 40m,INR 309,6 Seats available,3,https://www.redbus.in/bus-tickets/kozhikode-to-ernakulam,,
A1 Travels,NON A/C Semi Sleeper (2+2),21:00,01:30,04h 30m,INR 450,25 Seats available,"4.2
28",https://www.redbus.in/bus-tickets/kozhikode-to-ernakulam,,
BLM Transports,A/C Sleeper (2+1),22:00,02:45,04h 45m,903,10 Seats available,"4.3
8",https://www.redbus.in/bus-tickets/kozhikode-to-ernakulam,,
A1 Travels,Bharat Benz A/C Seater /Sleeper (2+1),22:15,01:45,03h 30m,INR 600,34 Seats available,"3.1
16",https://www.redbus.in/bus-tickets/kozhikode-to-ernakulam,,
Shajees Motors,A/C Semi Sleeper (2+2),22:30,03:05,04h 35m,530,5 Seats available,"3.5
8",https://www.redbus.in/bus-tickets/kozhikode-to-ernakulam,,
A1 Travels,Bharat Benz A/C Seater /Sleeper (2+1),22:30,01:29,02h 59m,INR 800,29 Seats available,"3.4
24",https://www.redbus.in/bus-tickets/kozhikode-to-ernakulam,,
KSRTC (Kerala) - 578,Super Express Non AC Seater Air Bus (2+2),18:00,04:00,10h 00m,INR 513,5 Seats available,"3.9
27",https://www.redbus.in/bus-tickets/kozhikode-to-bangalore,,
KSRTC (Kerala) - 72,SWIFT-GARUDA A/C SEATER BUS,19:00,03:35,08h 35m,INR 688,8 Seats available,"3.4
42",https://www.redbus.in/bus-tickets/kozhikode-to-bangalore,,
KSRTC (Kerala) - 1583,Super Express Non AC Seater Air Bus (2+2),20:02,05:21,09h 19m,INR 640,7 Seats available,"3.3
18",https://www.redbus.in/bus-tickets/kozhikode-to-bangalore,,
KSRTC (Kerala) - 234,Swift Deluxe Non AC Air Bus (2+2),21:00,06:00,09h 00m,INR 620,3 Seats available,"4.0
35",https://www.redbus.in/bus-tickets/kozhikode-to-bangalore,,
KSRTC (Kerala) - 1584,Super Express Non AC Seater Air Bus (2+2),21:29,06:38,09h 09m,INR 640,3 Seats available,"2.9
25",https://www.redbus.in/bus-tickets/kozhikode-to-bangalore,,
KSRTC (Kerala) - 50,Swift Deluxe Non AC Air Bus (2+2),22:06,06:41,08h 35m,INR 640,6 Seats available,"3.4
54",https://www.redbus.in/bus-tickets/kozhikode-to-bangalore,,
KSRTC (Kerala) - 549,Super Express Non AC Seater Air Bus (2+2),22:15,06:13,07h 58m,INR 640,5 Seats available,"1.7
31",https://www.redbus.in/bus-tickets/kozhikode-to-bangalore,,
MMK Travels,VE A/C Seater / Sleeper (2+1),21:30,06:00,08h 30m,INR 700,11 Seats available,"4.4
561",https://www.redbus.in/bus-tickets/kozhikode-to-bangalore,,
NS Transports,VE A/C Sleeper (2+1),21:16,06:30,09h 14m,INR 949,8 Seats available,"4.4
124",https://www.redbus.in/bus-tickets/kozhikode-to-bangalore,,
DLT BUS,A/C Sleeper (2+1),21:45,06:30,08h 45m,INR 999,11 Seats available,"4.2
303",https://www.redbus.in/bus-tickets/kozhikode-to-bangalore,,
AdSuraj Holidays,VE A/C Sleeper (2+1),22:00,07:15,09h 15m,INR 900,15 Seats available,"3.9
264",https://www.redbus.in/bus-tickets/kozhikode-to-bangalore,,
Silver Line Travels,NON A/C Semi Sleeper (2+2),20:30,05:45,09h 15m,INR 599,7 Seats available,"4.2
277",https://www.redbus.in/bus-tickets/kozhikode-to-bangalore,,
Shajees Motors,A/C Semi Sleeper (2+2),19:30,00:40,05h 10m,500,16 Seats available,"3.2
39",https://www.redbus.in/bus-tickets/ernakulam-to-kozhikode,,
Ubc travels,A/C Semi Sleeper (2+2),20:40,01:00,04h 20m,INR 800,41 Seats available,"3.6
10",https://www.redbus.in/bus-tickets/ernakulam-to-kozhikode,,
Ubc travels,A/C Seater/Sleeper (2+1),20:45,03:00,06h 15m,INR 900,35 Seats available,"3.6
6",https://www.redbus.in/bus-tickets/ernakulam-to-kozhikode,,
Holy Maria Travels,A/C Semi Sleeper (2+2),20:50,02:10,05h 20m,INR 700,35 Seats available,3.6,https://www.redbus.in/bus-tickets/ernakulam-to-kozhikode,,
Kalpaka Travels 1,A/C Sleeper (2+1),20:55,02:30,05h 35m,INR 800,18 Seats available,"5.0
20",https://www.redbus.in/bus-tickets/ernakulam-to-kozhikode,,
Madhavi Travels,A/C Sleeper (2+1),22:00,02:45,04h 45m,INR 799,12 Seats available,"4.8
18",https://www.redbus.in/bus-tickets/ernakulam-to-kozhikode,,
Madhavi Travels,A/C Semi Sleeper (2+2),21:30,02:15,04h 45m,549,19 Seats available,"4.0
32",https://www.redbus.in/bus-tickets/ernakulam-to-kozhikode,,
Madhavi Travels,A/C Seater (2+2),22:10,03:35,05h 25m,INR 499,19 Seats available,"3.5
21",https://www.redbus.in/bus-tickets/ernakulam-to-kozhikode,,
Adrin Travels,A/C Seater/Sleeper (2+1),21:00,02:00,05h 00m,INR 750,18 Seats available,"5.0
9",https://www.redbus.in/bus-tickets/ernakulam-to-kozhikode,,
Madhavi Travels,A/C Sleeper (2+1),21:40,02:35,04h 55m,INR 799,7 Seats available,4,https://www.redbus.in/bus-tickets/ernakulam-to-kozhikode,,
KSRTC (Kerala) - 708,Super Fast Non AC Seater (2+3),16:01,22:25,06h 24m,INR 285,45 Seats available,"4.1
4",https://www.redbus.in/bus-tickets/kozhikode-to-mysore,,
KSRTC (Kerala) - 898,Super Fast Non AC Seater (2+3),16:30,22:15,05h 45m,INR 273,34 Seats available,"4.6
9",https://www.redbus.in/bus-tickets/kozhikode-to-mysore,,
KSRTC (Kerala) - 578,Super Express Non AC Seater Air Bus (2+2),18:00,01:20,07h 20m,INR 350,9 Seats available,3.8,https://www.redbus.in/bus-tickets/kozhikode-to-mysore,,
KSRTC (Kerala) - 72,SWIFT-GARUDA A/C SEATER BUS,19:00,00:30,05h 30m,INR 452,12 Seats available,"2.0
4",https://www.redbus.in/bus-tickets/kozhikode-to-mysore,,
KSRTC (Kerala) - 1583,Super Express Non AC Seater Air Bus (2+2),20:02,02:01,05h 59m,INR 419,7 Seats available,3.8,https://www.redbus.in/bus-tickets/kozhikode-to-mysore,,
KSRTC (Kerala) - 234,Swift Deluxe Non AC Air Bus (2+2),21:00,03:30,06h 30m,INR 398,3 Seats available,3.8,https://www.redbus.in/bus-tickets/kozhikode-to-mysore,,
KSRTC (Kerala) - 1584,Super Express Non AC Seater Air Bus (2+2),21:29,03:33,06h 04m,INR 419,5 Seats available,3.8,https://www.redbus.in/bus-tickets/kozhikode-to-mysore,,
KSRTC (Kerala) - 50,Swift Deluxe Non AC Air Bus (2+2),22:06,04:01,05h 55m,INR 419,6 Seats available,"4.6
7",https://www.redbus.in/bus-tickets/kozhikode-to-mysore,,
KSRTC (Kerala) - 549,Super Express Non AC Seater Air Bus (2+2),22:15,03:55,05h 40m,INR 419,5 Seats available,3.8,https://www.redbus.in/bus-tickets/kozhikode-to-mysore,,
KSRTC (Kerala) - 719,Super Fast Non AC Seater (2+3),23:00,05:40,06h 40m,INR 319,32 Seats available,"3.0
26",https://www.redbus.in/bus-tickets/kozhikode-to-mysore,,
KSRTC (Kerala) - 96,Swift Deluxe Non AC Air Bus (2+2),23:05,04:10,05h 05m,INR 356,2 Seats available,3.8,https://www.redbus.in/bus-tickets/kozhikode-to-mysore,,
National travels and logistics,NON A/C Sleeper (2+1),20:45,04:00,07h 15m,799,11 Seats available,"3.8
7",https://www.redbus.in/bus-tickets/kozhikode-to-mysore,,
Suraj Holidays,NON AC Seater / Sleeper 2+1,21:00,03:00,06h 00m,INR 700,8 Seats available,"3.9
4",https://www.redbus.in/bus-tickets/kozhikode-to-mysore,,
Sam Tourist,NON AC Seater / Sleeper 2+1,21:00,04:00,07h 00m,INR 599,15 Seats available,3.1,https://www.redbus.in/bus-tickets/kozhikode-to-mysore,,
A1 Travels,Non A/C Seater / Sleeper (2+1),21:30,04:00,06h 30m,INR 600,18 Seats available,3.2,https://www.redbus.in/bus-tickets/kozhikode-to-mysore,,
DA Transports,A/C Sleeper (2+1),21:50,04:30,06h 40m,INR 799,22 Seats available,3.7,https://www.redbus.in/bus-tickets/kozhikode-to-mysore,,
KSRTC (Kerala) - 1883,Low Floor AC Seater 2+2,16:30,02:50,10h 20m,INR 742,5 Seats available,2.9,https://www.redbus.in/bus-tickets/kozhikode-to-thiruvananthapuram,,
KSRTC (Kerala) - 1762,Super Express Non AC Seater Air Bus (2+2),17:01,02:15,09h 14m,INR 586,30 Seats available,2.9,https://www.redbus.in/bus-tickets/kozhikode-to-thiruvananthapuram,,
KSRTC (Kerala) - 1862,Low Floor AC Seater 2+2,17:30,03:45,10h 15m,INR 723,24 Seats available,2.9,https://www.redbus.in/bus-tickets/kozhikode-to-thiruvananthapuram,,
KSRTC (Kerala) - 503,Super Express Non AC Seater Air Bus (2+2),17:42,01:40,07h 58m,INR 586,31 Seats available,"3.4
11",https://www.redbus.in/bus-tickets/kozhikode-to-thiruvananthapuram,,
KSRTC (Kerala) - 556,Super Express Non AC Seater Air Bus (2+2),18:00,02:55,08h 55m,INR 586,29 Seats available,"2.5
4",https://www.redbus.in/bus-tickets/kozhikode-to-thiruvananthapuram,,
KSRTC (Kerala) - 1872,Low Floor AC Seater 2+2,18:30,04:25,09h 55m,INR 742,4 Seats available,2.9,https://www.redbus.in/bus-tickets/kozhikode-to-thiruvananthapuram,,
KSRTC (Kerala) - 48,Swift Deluxe Non AC Air Bus (2+2),19:00,03:40,08h 40m,INR 565,23 Seats available,2.9,https://www.redbus.in/bus-tickets/kozhikode-to-thiruvananthapuram,,
KSRTC (Kerala) - 2372,Low Floor AC Seater 2+2,19:30,04:10,08h 40m,INR 723,25 Seats available,2.9,https://www.redbus.in/bus-tickets/kozhikode-to-thiruvananthapuram,,
KSRTC (Kerala) - 467,Super Express Non AC Seater Air Bus (2+2),19:55,04:55,09h 00m,INR 586,21 Seats available,"1.6
4",https://www.redbus.in/bus-tickets/kozhikode-to-thiruvananthapuram,,
KSRTC (Kerala) - 564,Super Express Non AC Seater Air Bus (2+2),20:12,05:10,08h 58m,INR 586,26 Seats available,"3.2
13",https://www.redbus.in/bus-tickets/kozhikode-to-thiruvananthapuram,,
BLM Transports,A/C Sleeper (2+1),22:00,07:00,09h 00m,903,10 Seats available,"3.8
105",https://www.redbus.in/bus-tickets/kozhikode-to-thiruvananthapuram,,
Madhavi Travels,A/C Sleeper (2+1),22:20,07:00,08h 40m,999,7 Seats available,"3.5
75",https://www.redbus.in/bus-tickets/kozhikode-to-thiruvananthapuram,,
A1 Travels,A/C Seater / Sleeper (2+1),20:05,05:30,09h 25m,INR 700,19 Seats available,"3.8
187",https://www.redbus.in/bus-tickets/kozhikode-to-thiruvananthapuram,,
LIYAS TOURS,Bharat Benz A/C Sleeper (2+1),23:05,07:40,08h 35m,899,17 Seats available,"3.9
39",https://www.redbus.in/bus-tickets/kozhikode-to-thiruvananthapuram,,
A1 Travels,Bharat Benz A/C Seater /Sleeper (2+1),22:15,05:45,07h 30m,INR 750,33 Seats available,"2.4
82",https://www.redbus.in/bus-tickets/kozhikode-to-thiruvananthapuram,,
KSRTC (Kerala) - 97,Swift Deluxe Non AC Air Bus (2+2),16:02,22:31,06h 29m,INR 475,10 Seats available,"3.4
8",https://www.redbus.in/bus-tickets/bangalore-to-kalpetta,,
KSRTC (Kerala) - 171,Swift Deluxe Non AC Air Bus (2+2),16:16,23:30,07h 14m,INR 548,22 Seats available,"3.9
4",https://www.redbus.in/bus-tickets/bangalore-to-kalpetta,,
KSRTC (Kerala) - 553,Super Express Non AC Seater Air Bus (2+2),16:45,00:10,07h 25m,INR 548,15 Seats available,3.8,https://www.redbus.in/bus-tickets/bangalore-to-kalpetta,,
KSRTC (Kerala) - 1585,Super Express Non AC Seater Air Bus (2+2),20:31,03:41,07h 10m,INR 548,20 Seats available,3.8,https://www.redbus.in/bus-tickets/bangalore-to-kalpetta,,
KSRTC (Kerala) - 2133,Swift Deluxe Non AC Air Bus (2+2),22:12,06:01,07h 49m,INR 548,28 Seats available,"3.9
7",https://www.redbus.in/bus-tickets/bangalore-to-kalpetta,,
KSRTC (Kerala) - 2063,SWIFT-GARUDA A/C SEATER BUS,22:32,05:15,06h 43m,INR 524,15 Seats available,"4.1
9",https://www.redbus.in/bus-tickets/bangalore-to-kalpetta,,
KSRTC (Kerala) - 574,Super Express Non AC Seater Air Bus (2+2),23:00,07:30,08h 30m,INR 377,29 Seats available,"3.7
18",https://www.redbus.in/bus-tickets/bangalore-to-kalpetta,,
KSRTC (Kerala) - 583,Super Express Non AC Seater Air Bus (2+2),23:30,07:35,08h 05m,INR 377,28 Seats available,"3.5
13",https://www.redbus.in/bus-tickets/bangalore-to-kalpetta,,
KSRTC (Kerala) - 56,SWIFT-GARUDA A/C SEATER BUS,23:41,07:15,07h 34m,INR 524,24 Seats available,"4.4
51",https://www.redbus.in/bus-tickets/bangalore-to-kalpetta,,
DLT BUS,A/C Sleeper (2+1),22:30,05:30,07h 00m,INR 899,18 Seats available,"4.2
160",https://www.redbus.in/bus-tickets/bangalore-to-kalpetta,,
MMK Travels,VE A/C Seater / Sleeper (2+1),22:30,05:30,07h 00m,INR 700,17 Seats available,"4.5
81",https://www.redbus.in/bus-tickets/bangalore-to-kalpetta,,
Kyros Connect,Bharat Benz A/C Semi Sleeper (2+2),23:00,07:20,08h 20m,INR 599,35 Seats available,"4.3
76",https://www.redbus.in/bus-tickets/bangalore-to-kalpetta,,
DLT BUS,A/C Sleeper (2+1),22:30,05:20,06h 50m,INR 899,18 Seats available,"4.4
60",https://www.redbus.in/bus-tickets/bangalore-to-kalpetta,,
Kyros Connect,Bharat Benz A/C Semi Sleeper (2+2),23:00,07:30,08h 30m,INR 599,32 Seats available,"3.9
97",https://www.redbus.in/bus-tickets/bangalore-to-kalpetta,,
KSRTC (Kerala) - 712,Super Fast Non AC Seater (2+3),16:45,22:30,05h 45m,INR 285,48 Seats available,"3.4
9",https://www.redbus.in/bus-tickets/mysore-to-kozhikode,,
KSRTC (Kerala) - 798,Super Fast Non AC Seater (2+3),17:00,23:00,06h 00m,INR 285,48 Seats available,4,https://www.redbus.in/bus-tickets/mysore-to-kozhikode,,
KSRTC (Kerala) - 235,Swift Deluxe Non AC Air Bus (2+2),17:30,00:01,06h 31m,INR 398,16 Seats available,4,https://www.redbus.in/bus-tickets/mysore-to-kozhikode,,
KSRTC (Kerala) - 370,AC MULTI AXLE,18:00,22:20,04h 20m,INR 494,10 Seats available,"4.0
5",https://www.redbus.in/bus-tickets/mysore-to-kozhikode,,
KSRTC (Kerala) - 793,Super Fast Non AC Seater (2+3),18:30,00:00,05h 30m,INR 285,44 Seats available,"4.3
5",https://www.redbus.in/bus-tickets/mysore-to-kozhikode,,
KSRTC (Kerala) - 97,Swift Deluxe Non AC Air Bus (2+2),18:51,00:50,05h 59m,INR 356,13 Seats available,4,https://www.redbus.in/bus-tickets/mysore-to-kozhikode,,
KSRTC (Kerala) - 171,Swift Deluxe Non AC Air Bus (2+2),19:10,01:20,06h 10m,INR 419,14 Seats available,4,https://www.redbus.in/bus-tickets/mysore-to-kozhikode,,
KSRTC (Kerala) - 553,Super Express Non AC Seater Air Bus (2+2),19:50,01:25,05h 35m,INR 419,7 Seats available,4,https://www.redbus.in/bus-tickets/mysore-to-kozhikode,,
KSRTC (Kerala) - 789,Super Fast Non AC Seater (2+3),22:30,04:25,05h 55m,INR 473,44 Seats available,4,https://www.redbus.in/bus-tickets/mysore-to-kozhikode,,
KSRTC (Kerala) - 1077,Super Fast Non AC Seater (2+3),22:30,05:50,07h 20m,INR 319,46 Seats available,"4.4
23",https://www.redbus.in/bus-tickets/mysore-to-kozhikode,,
LIYAS TOURS,Bharat Benz A/C Sleeper (2+1),17:25,23:05,05h 40m,549,15 Seats available,"4.5
33",https://www.redbus.in/bus-tickets/mysore-to-kozhikode,,
A1 Travels,Bharat Benz A/C Sleeper (2+1),17:30,23:30,06h 00m,INR 600,24 Seats available,3.2,https://www.redbus.in/bus-tickets/mysore-to-kozhikode,,
Suraj Holidays,NON AC Seater / Sleeper 2+1,23:00,06:00,07h 00m,INR 700,21 Seats available,"4.2
10",https://www.redbus.in/bus-tickets/mysore-to-kozhikode,,
A1 Travels,A/C Seater / Sleeper (2+1),23:45,06:30,06h 45m,INR 600,25 Seats available,3.2,https://www.redbus.in/bus-tickets/mysore-to-kozhikode,,
SKS Tours & Travels,A/C Sleeper (2+1),23:59,05:40,05h 41m,INR 849,26 Seats available,"3.6
6",https://www.redbus.in/bus-tickets/mysore-to-kozhikode,,
KSRTC (Kerala) - 578,Super Express Non AC Seater Air Bus (2+2),20:00,04:00,08h 00m,INR 426,7 Seats available,"2.2
17",https://www.redbus.in/bus-tickets/kalpetta-to-bangalore,,
KSRTC (Kerala) - 72,SWIFT-GARUDA A/C SEATER BUS,20:35,03:35,07h 00m,INR 586,15 Seats available,"3.4
21",https://www.redbus.in/bus-tickets/kalpetta-to-bangalore,,
KSRTC (Kerala) - 1583,Super Express Non AC Seater Air Bus (2+2),21:57,05:21,07h 24m,INR 548,9 Seats available,"4.4
8",https://www.redbus.in/bus-tickets/kalpetta-to-bangalore,,
KSRTC (Kerala) - 197,Super Deluxe Non AC Seater Air Bus (2+2),22:35,06:30,07h 55m,INR 589,2 Seats available,"2.0
9",https://www.redbus.in/bus-tickets/kalpetta-to-bangalore,,
KSRTC (Kerala) - 1584,Super Express Non AC Seater Air Bus (2+2),23:29,06:38,07h 09m,INR 548,9 Seats available,"3.5
15",https://www.redbus.in/bus-tickets/kalpetta-to-bangalore,,
KSRTC (Kerala) - 50,Swift Deluxe Non AC Air Bus (2+2),23:51,06:41,06h 50m,INR 548,6 Seats available,"4.4
10",https://www.redbus.in/bus-tickets/kalpetta-to-bangalore,,
MMK Travels,VE A/C Seater / Sleeper (2+1),23:45,06:00,06h 15m,INR 700,12 Seats available,"4.5
83",https://www.redbus.in/bus-tickets/kalpetta-to-bangalore,,
Kyros Connect,Bharat Benz A/C Semi Sleeper (2+2),15:01,20:45,05h 44m,INR 799,23 Seats available,"4.2
130",https://www.redbus.in/bus-tickets/kalpetta-to-bangalore,,
DLT BUS,A/C Sleeper (2+1),23:45,06:30,06h 45m,INR 999,12 Seats available,"4.1
91",https://www.redbus.in/bus-tickets/kalpetta-to-bangalore,,
Silver Line Travels,NON A/C Semi Sleeper (2+2),22:45,05:45,07h 00m,INR 599,7 Seats available,"4.2
57",https://www.redbus.in/bus-tickets/kalpetta-to-bangalore,,
MMK Travels,VE A/C Seater / Sleeper (2+1),23:45,06:00,06h 15m,INR 700,12 Seats available,"4.3
31",https://www.redbus.in/bus-tickets/kalpetta-to-bangalore,,
KSRTC (Kerala) - 689,Super Fast Non AC Seater (2+3),16:15,19:50,03h 35m,INR 181,48 Seats available,3.2,https://www.redbus.in/bus-tickets/kozhikode-to-thrissur,,
KSRTC (Kerala) - 1883,Low Floor AC Seater 2+2,16:30,19:50,03h 20m,INR 253,7 Seats available,"2.7
4",https://www.redbus.in/bus-tickets/kozhikode-to-thrissur,,
KSRTC (Kerala) - 726,Super Fast Non AC Seater (2+3),17:00,20:20,03h 20m,INR 181,48 Seats available,3.2,https://www.redbus.in/bus-tickets/kozhikode-to-thrissur,,
KSRTC (Kerala) - 1762,Super Express Non AC Seater Air Bus (2+2),17:01,19:35,02h 34m,INR 216,31 Seats available,3.2,https://www.redbus.in/bus-tickets/kozhikode-to-thrissur,,
KSRTC (Kerala) - 1862,Low Floor AC Seater 2+2,17:30,21:00,03h 30m,INR 253,26 Seats available,"3.1
7",https://www.redbus.in/bus-tickets/kozhikode-to-thrissur,,
KSRTC (Kerala) - 503,Super Express Non AC Seater Air Bus (2+2),17:42,20:40,02h 58m,INR 216,32 Seats available,3.2,https://www.redbus.in/bus-tickets/kozhikode-to-thrissur,,
KSRTC (Kerala) - 556,Super Express Non AC Seater Air Bus (2+2),18:00,20:50,02h 50m,INR 216,31 Seats available,3.2,https://www.redbus.in/bus-tickets/kozhikode-to-thrissur,,
KSRTC (Kerala) - 2900,Low Floor AC Seater 2+2,18:00,21:20,03h 20m,INR 253,27 Seats available,3.2,https://www.redbus.in/bus-tickets/kozhikode-to-thrissur,,
KSRTC (Kerala) - 1872,Low Floor AC Seater 2+2,18:30,21:35,03h 05m,INR 253,8 Seats available,"2.2
6",https://www.redbus.in/bus-tickets/kozhikode-to-thrissur,,
KSRTC (Kerala) - 48,Swift Deluxe Non AC Air Bus (2+2),19:00,21:35,02h 35m,INR 216,24 Seats available,3.2,https://www.redbus.in/bus-tickets/kozhikode-to-thrissur,,
KSRTC (Kerala) - 2372,Low Floor AC Seater 2+2,19:30,22:05,02h 35m,INR 253,27 Seats available,"1.4
5",https://www.redbus.in/bus-tickets/kozhikode-to-thrissur,,
KSRTC (Kerala) - 467,Super Express Non AC Seater Air Bus (2+2),19:55,22:50,02h 55m,INR 216,21 Seats available,3.2,https://www.redbus.in/bus-tickets/kozhikode-to-thrissur,,
KSRTC (Kerala) - 564,Super Express Non AC Seater Air Bus (2+2),20:12,22:40,02h 28m,INR 216,23 Seats available,3.2,https://www.redbus.in/bus-tickets/kozhikode-to-thrissur,,
KSRTC (Kerala) - 46,Swift Deluxe Non AC Air Bus (2+2),20:25,23:00,02h 35m,INR 216,22 Seats available,"3.7
4",https://www.redbus.in/bus-tickets/kozhikode-to-thrissur,,
KSRTC (Kerala) - 2393,Low Floor AC Seater 2+2,20:30,23:35,03h 05m,INR 253,21 Seats available,3.2,https://www.redbus.in/bus-tickets/kozhikode-to-thrissur,,
KSRTC (Kerala) - 2206,Super Express Non AC Seater Air Bus (2+2),20:34,23:29,02h 55m,INR 216,20 Seats available,3.2,https://www.redbus.in/bus-tickets/kozhikode-to-thrissur,,
KSRTC (Kerala) - 424,Super Fast Non AC Seater (2+3),20:45,00:30,03h 45m,INR 181,36 Seats available,3.2,https://www.redbus.in/bus-tickets/kozhikode-to-thrissur,,
KSRTC (Kerala) - 827,Super Fast Non AC Seater (2+3),21:00,00:30,03h 30m,INR 181,47 Seats available,3.2,https://www.redbus.in/bus-tickets/kozhikode-to-thrissur,,
KSRTC (Kerala) - 815,Super Fast Non AC Seater (2+3),21:10,00:55,03h 45m,INR 181,38 Seats available,3.2,https://www.redbus.in/bus-tickets/kozhikode-to-thrissur,,
KSRTC (Kerala) - 531,Super Express Non AC Seater Air Bus (2+2),21:15,23:40,02h 25m,INR 216,6 Seats available,3.2,https://www.redbus.in/bus-tickets/kozhikode-to-thrissur,,
UFO Bus,A/C Sleeper (2+1),19:20,03:30,0-16h 0-50m,800,2 Seats available,3.9,https://www.redbus.in/bus-tickets/kozhikode-to-thrissur,,
EMERALD TRAVELS,A/C Sleeper (2+1),21:55,00:30,02h 35m,INR 1000,24 Seats available,3.1,https://www.redbus.in/bus-tickets/kozhikode-to-thrissur,,
BLM Transports,A/C Sleeper (2+1),22:00,01:00,03h 00m,903,14 Seats available,3.9,https://www.redbus.in/bus-tickets/kozhikode-to-thrissur,,
Madhavi Travels,A/C Sleeper (2+1),22:20,01:10,02h 50m,999,25 Seats available,4,https://www.redbus.in/bus-tickets/kozhikode-to-thrissur,,
Kallada Travels (Suresh Kallada),A/C Sleeper (2+1),23:15,01:41,02h 26m,INR 850,19 Seats available,3.1,https://www.redbus.in/bus-tickets/kozhikode-to-thrissur,,
KSRTC (Kerala) - 667,Super Fast Non AC Seater (2+3),16:15,02:30,10h 15m,INR 477,42 Seats available,3,https://www.redbus.in/bus-tickets/thiruvananthapuram-to-kozhikode,,
KSRTC (Kerala) - 862,Super Fast Non AC Seater (2+3),16:20,04:40,12h 20m,INR 502,36 Seats available,3,https://www.redbus.in/bus-tickets/thiruvananthapuram-to-kozhikode,,
KSRTC (Kerala) - 570,Super Express Non AC Seater Air Bus (2+2),16:45,01:45,09h 00m,INR 586,38 Seats available,3,https://www.redbus.in/bus-tickets/thiruvananthapuram-to-kozhikode,,
KSRTC (Kerala) - 1842,Low Floor AC Seater 2+2,17:00,03:10,10h 10m,INR 723,27 Seats available,3,https://www.redbus.in/bus-tickets/thiruvananthapuram-to-kozhikode,,
KSRTC (Kerala) - 431,Super Fast Non AC Seater (2+3),17:15,04:45,11h 30m,INR 515,44 Seats available,3,https://www.redbus.in/bus-tickets/thiruvananthapuram-to-kozhikode,,
KSRTC (Kerala) - 368,AC MULTI AXLE,17:25,03:05,09h 40m,INR 935,29 Seats available,3,https://www.redbus.in/bus-tickets/thiruvananthapuram-to-kozhikode,,
KSRTC (Kerala) - 43,Swift Deluxe Non AC Air Bus (2+2),17:40,03:21,09h 41m,INR 586,12 Seats available,3,https://www.redbus.in/bus-tickets/thiruvananthapuram-to-kozhikode,,
KSRTC (Kerala) - 1845,Low Floor AC Seater 2+2,18:00,04:10,10h 10m,INR 742,27 Seats available,3,https://www.redbus.in/bus-tickets/thiruvananthapuram-to-kozhikode,,
KSRTC (Kerala) - 377,AC MULTI AXLE,18:10,02:49,08h 39m,INR 904,24 Seats available,3,https://www.redbus.in/bus-tickets/thiruvananthapuram-to-kozhikode,,
KSRTC (Kerala) - 47,Swift Deluxe Non AC Air Bus (2+2),18:30,03:52,09h 22m,INR 586,13 Seats available,3,https://www.redbus.in/bus-tickets/thiruvananthapuram-to-kozhikode,,
BLM Transports,A/C Sleeper (2+1),20:15,05:00,08h 45m,903,21 Seats available,"4.4
105",https://www.redbus.in/bus-tickets/thiruvananthapuram-to-kozhikode,,
Madhavi Travels,A/C Sleeper (2+1),19:50,04:30,08h 40m,999,1 Seat available,"4.4
65",https://www.redbus.in/bus-tickets/thiruvananthapuram-to-kozhikode,,
A1 Travels,NON A/C Semi Sleeper (2+2),21:00,06:30,09h 30m,INR 600,28 Seats available,"3.6
73",https://www.redbus.in/bus-tickets/thiruvananthapuram-to-kozhikode,,
LIYAS TOURS,Bharat Benz A/C Sleeper (2+1),16:45,03:40,10h 55m,1099,7 Seats available,"4.6
6",https://www.redbus.in/bus-tickets/thiruvananthapuram-to-kozhikode,,
A1 Travels,Bharat Benz A/C Seater /Sleeper (2+1),20:30,05:00,08h 30m,INR 750,33 Seats available,"2.5
56",https://www.redbus.in/bus-tickets/thiruvananthapuram-to-kozhikode,,
KSRTC (Kerala) - 136,Swift Deluxe Non AC Air Bus (2+2),20:30,04:25,07h 55m,INR 568,14 Seats available,"3.3
23",https://www.redbus.in/bus-tickets/bangalore-to-kannur,,
KSRTC (Kerala) - 101,Swift Deluxe Non AC Air Bus (2+2),21:16,04:05,06h 49m,INR 548,24 Seats available,"4.2
83",https://www.redbus.in/bus-tickets/bangalore-to-kannur,,
KSRTC (Kerala) - 98,Swift Deluxe Non AC Air Bus (2+2),21:30,05:45,08h 15m,INR 579,25 Seats available,"3.9
44",https://www.redbus.in/bus-tickets/bangalore-to-kannur,,
KSRTC (Kerala) - 1767,Super Express Non AC Seater Air Bus (2+2),23:01,06:46,07h 45m,INR 568,11 Seats available,"3.7
49",https://www.redbus.in/bus-tickets/bangalore-to-kannur,,
MMK Travels,A/C Sleeper (2+1),22:15,05:30,07h 15m,INR 850,14 Seats available,"4.5
293",https://www.redbus.in/bus-tickets/bangalore-to-kannur,,
GOLDEN TRAVEL AGENCIES,Volvo A/C Semi Sleeper (2+2),22:45,04:45,06h 00m,INR 949,14 Seats available,"4.5
207",https://www.redbus.in/bus-tickets/bangalore-to-kannur,,
NS Transports,A/C Sleeper (2+1),22:15,05:35,07h 20m,INR 1000,11 Seats available,"4.4
254",https://www.redbus.in/bus-tickets/bangalore-to-kannur,,
AdSAAM BUS,VE A/C Sleeper (2+1),20:10,04:45,08h 35m,INR 800,19 Seats available,"4.3
88",https://www.redbus.in/bus-tickets/bangalore-to-kannur,,
Ashoka Travel and Logistics,A/C Sleeper (2+1),21:45,05:30,07h 45m,900,5 Seats available,"4.3
195",https://www.redbus.in/bus-tickets/bangalore-to-kannur,,
GOLDEN TRAVEL AGENCIES,NON A/C Sleeper (2+1),22:30,04:45,06h 15m,INR 799,13 Seats available,"4.3
114",https://www.redbus.in/bus-tickets/bangalore-to-kannur,,
Kalpaka Travels,A/C Sleeper (2+1),22:10,05:00,06h 50m,INR 1000,12 Seats available,"4.2
175",https://www.redbus.in/bus-tickets/bangalore-to-kannur,,
AdP K Travels,A/C Sleeper (2+1),22:15,05:30,07h 15m,INR 850,22 Seats available,"3.2
6",https://www.redbus.in/bus-tickets/bangalore-to-kannur,,
National travels and logistics,Non A/C Seater / Sleeper (2+1),22:40,05:45,07h 05m,INR 549,22 Seats available,"3.3
93",https://www.redbus.in/bus-tickets/bangalore-to-kannur,,
NS Transports,NON A/C Sleeper (2+1),22:45,05:20,06h 35m,INR 799,11 Seats available,"4.1
218",https://www.redbus.in/bus-tickets/bangalore-to-kannur,,
KSRTC (Kerala) - 726,Super Fast Non AC Seater (2+3),17:00,00:05,07h 05m,INR 332,48 Seats available,"1.6
4",https://www.redbus.in/bus-tickets/kozhikode-to-kottayam,,
KSRTC (Kerala) - 1862,Low Floor AC Seater 2+2,17:30,00:25,06h 55m,INR 475,28 Seats available,"2.1
7",https://www.redbus.in/bus-tickets/kozhikode-to-kottayam,,
KSRTC (Kerala) - 48,Swift Deluxe Non AC Air Bus (2+2),19:00,00:40,05h 40m,INR 381,21 Seats available,"3.2
5",https://www.redbus.in/bus-tickets/kozhikode-to-kottayam,,
KSRTC (Kerala) - 2372,Low Floor AC Seater 2+2,19:30,01:10,05h 40m,INR 475,26 Seats available,2.7,https://www.redbus.in/bus-tickets/kozhikode-to-kottayam,,
KSRTC (Kerala) - 1506,Super Fast Non AC Seater (2+3),20:30,04:00,07h 30m,INR 332,42 Seats available,2.7,https://www.redbus.in/bus-tickets/kozhikode-to-kottayam,,
KSRTC (Kerala) - 2206,Super Express Non AC Seater Air Bus (2+2),20:34,02:24,05h 50m,INR 381,25 Seats available,2.7,https://www.redbus.in/bus-tickets/kozhikode-to-kottayam,,
KSRTC (Kerala) - 567,Super Express Non AC Seater Air Bus (2+2),20:45,04:05,07h 20m,INR 360,38 Seats available,2.7,https://www.redbus.in/bus-tickets/kozhikode-to-kottayam,,
KSRTC (Kerala) - 1880,Low Floor AC Seater 2+2,21:30,04:05,06h 35m,INR 475,25 Seats available,2.7,https://www.redbus.in/bus-tickets/kozhikode-to-kottayam,,
KSRTC (Kerala) - 344,Super Fast Non AC Seater (2+3),21:45,04:25,06h 40m,INR 332,35 Seats available,"2.8
4",https://www.redbus.in/bus-tickets/kozhikode-to-kottayam,,
KSRTC (Kerala) - 44,Swift Deluxe Non AC Air Bus (2+2),21:50,03:45,05h 55m,INR 381,19 Seats available,2.7,https://www.redbus.in/bus-tickets/kozhikode-to-kottayam,,
KSRTC (Kerala) - 560,Super Express Non AC Seater Air Bus (2+2),22:10,04:30,06h 20m,INR 381,34 Seats available,"3.3
9",https://www.redbus.in/bus-tickets/kozhikode-to-kottayam,,
KSRTC (Kerala) - 2743,Super Express Non AC Seater Air Bus (2+2),22:20,04:45,06h 25m,INR 381,34 Seats available,2.7,https://www.redbus.in/bus-tickets/kozhikode-to-kottayam,,
KSRTC (Kerala) - 1200,Super Express Non AC Seater Air Bus (2+2),22:35,05:00,06h 25m,INR 381,39 Seats available,2.7,https://www.redbus.in/bus-tickets/kozhikode-to-kottayam,,
KSRTC (Kerala) - 1704,Super Fast Non AC Seater (2+3),22:40,05:41,07h 01m,INR 341,40 Seats available,2.7,https://www.redbus.in/bus-tickets/kozhikode-to-kottayam,,
KSRTC (Kerala) - 582,Super Express Non AC Seater Air Bus (2+2),22:40,05:15,06h 35m,INR 370,26 Seats available,2.7,https://www.redbus.in/bus-tickets/kozhikode-to-kottayam,,
Madhavi Travels,Volvo A/C Semi Sleeper (2+2),23:30,04:50,05h 20m,999,25 Seats available,4,https://www.redbus.in/bus-tickets/kozhikode-to-kottayam,,
Sonia Travels,A/C Semi Sleeper (2+2),23:30,06:25,06h 55m,INR 700,9 Seats available,"4.3
24",https://www.redbus.in/bus-tickets/kozhikode-to-kottayam,,
A1 Travels,A/C Seater / Sleeper (2+1),20:05,03:00,06h 55m,INR 700,20 Seats available,"4.1
18",https://www.redbus.in/bus-tickets/kozhikode-to-kottayam,,
EMERALD TRAVELS,A/C Sleeper (2+1),21:55,03:30,05h 35m,INR 1000,15 Seats available,3.2,https://www.redbus.in/bus-tickets/kozhikode-to-kottayam,,
KSRTC (Kerala) - 100,Swift Deluxe Non AC Air Bus (2+2),19:03,02:21,07h 18m,INR 548,22 Seats available,"4.6
34",https://www.redbus.in/bus-tickets/kannur-to-bangalore,,
KSRTC (Kerala) - 1766,Super Express Non AC Seater Air Bus (2+2),20:16,04:41,08h 25m,INR 568,11 Seats available,"4.2
26",https://www.redbus.in/bus-tickets/kannur-to-bangalore,,
KSRTC (Kerala) - 133,Swift Deluxe Non AC Air Bus (2+2),21:00,05:15,08h 15m,INR 568,5 Seats available,"4.1
35",https://www.redbus.in/bus-tickets/kannur-to-bangalore,,
KSRTC (Kerala) - 99,Swift Deluxe Non AC Air Bus (2+2),21:30,06:00,08h 30m,INR 579,1 Seat available,"4.3
38",https://www.redbus.in/bus-tickets/kannur-to-bangalore,,
NS Transports,A/C Sleeper (2+1),21:15,05:30,08h 15m,INR 949,7 Seats available,"4.5
271",https://www.redbus.in/bus-tickets/kannur-to-bangalore,,
MMK Travels,A/C Sleeper (2+1),21:30,06:00,08h 30m,INR 850,5 Seats available,"4.5
253",https://www.redbus.in/bus-tickets/kannur-to-bangalore,,
Ashoka Travel and Logistics,A/C Sleeper (2+1),21:15,05:30,08h 15m,INR 1000,10 Seats available,"4.5
211",https://www.redbus.in/bus-tickets/kannur-to-bangalore,,
AdArya Travels,A/C Sleeper (2+1),21:20,05:35,08h 15m,INR 795,4 Seats available,"3.8
7",https://www.redbus.in/bus-tickets/kannur-to-bangalore,,
Kalpaka Travels 1,A/C Sleeper (2+1),21:45,05:00,07h 15m,INR 1100,15 Seats available,"4.1
132",https://www.redbus.in/bus-tickets/kannur-to-bangalore,,
NS Transports,Non A/C Seater / Sleeper (2+1),20:30,05:20,08h 50m,INR 699,13 Seats available,"4.0
179",https://www.redbus.in/bus-tickets/kannur-to-bangalore,,
Sugama Tourist,A/C Sleeper (2+1),22:00,05:30,07h 30m,INR 900,15 Seats available,"3.7
175",https://www.redbus.in/bus-tickets/kannur-to-bangalore,,
AdKalpaka Travels 1,NON A/C Seater/ Sleeper (2+1),21:00,05:00,08h 00m,INR 800,16 Seats available,"3.8
50",https://www.redbus.in/bus-tickets/kannur-to-bangalore,,
Ashoka Travel and Logistics,NON A/C Semi Sleeper (2+2),21:30,05:00,07h 30m,INR 800,15 Seats available,"3.7
99",https://www.redbus.in/bus-tickets/kannur-to-bangalore,,
NS Transports,NON A/C Sleeper (2+1),21:45,05:45,08h 00m,INR 749,7 Seats available,"4.1
195",https://www.redbus.in/bus-tickets/kannur-to-bangalore,,
Madhavi Travels,Volvo Multi-Axle I-Shift B11R Semi Sleeper (2+2),23:59,04:30,04h 31m,899,32 Seats available,4,https://www.redbus.in/bus-tickets/kottayam-to-kozhikode,,
Sonia Travels,A/C Semi Sleeper (2+2),18:30,02:30,08h 00m,INR 700,26 Seats available,3.8,https://www.redbus.in/bus-tickets/kottayam-to-kozhikode,,
Ubc travels,A/C Seater/Sleeper (2+1),18:00,03:00,09h 00m,INR 900,26 Seats available,3.8,https://www.redbus.in/bus-tickets/kottayam-to-kozhikode,,
Ubc travels,A/C Semi Sleeper (2+2),17:30,01:00,07h 30m,INR 800,31 Seats available,3.8,https://www.redbus.in/bus-tickets/kottayam-to-kozhikode,,
A1 Travels,A/C Seater / Sleeper (2+1),23:59,07:00,07h 01m,INR 700,26 Seats available,"2.1
15",https://www.redbus.in/bus-tickets/kottayam-to-kozhikode,,
Sonia Travels,A/C Seater/Sleeper (2+1),19:15,02:29,07h 14m,INR 750,21 Seats available,3.8,https://www.redbus.in/bus-tickets/kottayam-to-kozhikode,,
Holy Maria Travels,A/C Semi Sleeper (2+2),18:20,02:10,07h 50m,INR 800,24 Seats available,3.6,https://www.redbus.in/bus-tickets/kottayam-to-kozhikode,,
AURA CONNECT,A/C Sleeper (2+1),18:15,02:30,08h 15m,3899,30 Seats available,2.7,https://www.redbus.in/bus-tickets/kottayam-to-kozhikode,,
AURA CONNECT,A/C Sleeper (2+1),18:15,02:20,08h 05m,1199,24 Seats available,2.7,https://www.redbus.in/bus-tickets/kottayam-to-kozhikode,,
KSRTC (Kerala) - 1505,Super Fast Non AC Seater (2+3),17:10,21:00,03h 50m,INR 181,49 Seats available,3,https://www.redbus.in/bus-tickets/thrissur-to-kozhikode,,
KSRTC (Kerala) - 2711,Super Fast Non AC Seater (2+3),18:10,21:30,03h 20m,INR 181,47 Seats available,3,https://www.redbus.in/bus-tickets/thrissur-to-kozhikode,,
KSRTC (Kerala) - 2819,Super Fast Non AC Seater (2+3),18:45,22:15,03h 30m,INR 181,50 Seats available,3,https://www.redbus.in/bus-tickets/thrissur-to-kozhikode,,
KSRTC (Kerala) - 765,Super Fast Non AC Seater (2+3),19:00,22:20,03h 20m,INR 181,50 Seats available,3,https://www.redbus.in/bus-tickets/thrissur-to-kozhikode,,
KSRTC (Kerala) - 74,Swift Deluxe Non AC Air Bus (2+2),19:05,21:55,02h 50m,INR 216,15 Seats available,3,https://www.redbus.in/bus-tickets/thrissur-to-kozhikode,,
KSRTC (Kerala) - 723,Super Fast Non AC Seater (2+3),19:15,22:45,03h 30m,INR 181,47 Seats available,3,https://www.redbus.in/bus-tickets/thrissur-to-kozhikode,,
KSRTC (Kerala) - 549,Super Express Non AC Seater Air Bus (2+2),19:30,22:15,02h 45m,INR 216,16 Seats available,3,https://www.redbus.in/bus-tickets/thrissur-to-kozhikode,,
KSRTC (Kerala) - 1902,Super Fast Non AC Seater (2+3),19:40,23:00,03h 20m,INR 181,48 Seats available,3,https://www.redbus.in/bus-tickets/thrissur-to-kozhikode,,
KSRTC (Kerala) - 2572,Super Fast Non AC Seater (2+3),19:40,23:50,04h 10m,INR 174,43 Seats available,3,https://www.redbus.in/bus-tickets/thrissur-to-kozhikode,,
KSRTC (Kerala) - 96,Swift Deluxe Non AC Air Bus (2+2),19:50,23:05,03h 15m,INR 216,12 Seats available,3,https://www.redbus.in/bus-tickets/thrissur-to-kozhikode,,
KSRTC (Kerala) - 2712,Super Fast Non AC Seater (2+3),20:00,22:50,02h 50m,INR 166,47 Seats available,3,https://www.redbus.in/bus-tickets/thrissur-to-kozhikode,,
KSRTC (Kerala) - 994,Super Fast Non AC Seater (2+3),20:00,00:05,04h 05m,INR 174,43 Seats available,3,https://www.redbus.in/bus-tickets/thrissur-to-kozhikode,,
KSRTC (Kerala) - 2517,Swift Deluxe Non AC Air Bus (2+2),20:26,23:16,02h 50m,INR 216,30 Seats available,3,https://www.redbus.in/bus-tickets/thrissur-to-kozhikode,,
KSRTC (Kerala) - 2569,Super Fast Non AC Seater (2+3),20:35,00:35,04h 00m,INR 174,38 Seats available,3,https://www.redbus.in/bus-tickets/thrissur-to-kozhikode,,
KSRTC (Kerala) - 125,Super Deluxe Non AC Seater Air Bus (2+2),20:40,23:35,02h 55m,INR 216,25 Seats available,3,https://www.redbus.in/bus-tickets/thrissur-to-kozhikode,,
KSRTC (Kerala) - 1962,Super Fast Non AC Seater (2+3),20:45,23:59,03h 14m,INR 181,44 Seats available,3,https://www.redbus.in/bus-tickets/thrissur-to-kozhikode,,
KSRTC (Kerala) - 665,Super Fast Non AC Seater (2+3),20:50,00:15,03h 25m,INR 181,48 Seats available,3,https://www.redbus.in/bus-tickets/thrissur-to-kozhikode,,
KSRTC (Kerala) - 1211,AC MULTI AXLE,20:55,00:05,03h 10m,INR 340,29 Seats available,3,https://www.redbus.in/bus-tickets/thrissur-to-kozhikode,,
KSRTC (Kerala) - 475,Super Express Non AC Seater Air Bus (2+2),21:40,00:35,02h 55m,INR 216,20 Seats available,3,https://www.redbus.in/bus-tickets/thrissur-to-kozhikode,,
KSRTC (Kerala) - 2723,Super Fast Non AC Seater (2+3),21:45,01:10,03h 25m,INR 174,40 Seats available,3,https://www.redbus.in/bus-tickets/thrissur-to-kozhikode,,
Madhavi Travels,A/C Seater (2+2),23:59,03:35,03h 36m,INR 499,15 Seats available,4,https://www.redbus.in/bus-tickets/thrissur-to-kozhikode,,
Ubc travels,A/C Semi Sleeper (2+2),22:30,01:00,02h 30m,INR 800,41 Seats available,3.8,https://www.redbus.in/bus-tickets/thrissur-to-kozhikode,,
Adrin Travels,A/C Seater/Sleeper (2+1),23:05,02:00,02h 55m,INR 750,29 Seats available,3.9,https://www.redbus.in/bus-tickets/thrissur-to-kozhikode,,
Madhavi Travels,A/C Semi Sleeper (2+2),23:20,02:15,02h 55m,549,30 Seats available,4,https://www.redbus.in/bus-tickets/thrissur-to-kozhikode,,
Surya Connect,Volvo A/C Semi Sleeper (2+2),23:20,02:10,02h 50m,INR 630,31 Seats available,4.3,https://www.redbus.in/bus-tickets/thrissur-to-kozhikode,,
KSRTC (Kerala) - 898,Super Fast Non AC Seater (2+3),16:30,18:30,02h 00m,INR 108,40 Seats available,4.1,https://www.redbus.in/bus-tickets/kozhikode-to-kalpetta,,
KSRTC (Kerala) - 779,Super Fast Non AC Seater (2+3),21:45,22:55,01h 10m,INR 111,48 Seats available,4.1,https://www.redbus.in/bus-tickets/kozhikode-to-kalpetta,,
KSRTC (Kerala) - 549,Super Express Non AC Seater Air Bus (2+2),22:15,00:50,02h 35m,INR 145,7 Seats available,4.1,https://www.redbus.in/bus-tickets/kozhikode-to-kalpetta,,
KSRTC (Kerala) - 833,Super Fast Non AC Seater (2+3),22:15,00:30,02h 15m,INR 111,50 Seats available,4.1,https://www.redbus.in/bus-tickets/kozhikode-to-kalpetta,,
KSRTC (Kerala) - 719,Super Fast Non AC Seater (2+3),23:00,01:00,02h 00m,INR 111,36 Seats available,"5.0
4",https://www.redbus.in/bus-tickets/kozhikode-to-kalpetta,,
KSRTC (Kerala) - 96,Swift Deluxe Non AC Air Bus (2+2),23:05,00:30,01h 25m,INR 145,7 Seats available,4.1,https://www.redbus.in/bus-tickets/kozhikode-to-kalpetta,,
KSRTC (Kerala) - 757,Super Fast Non AC Seater (2+3),23:20,01:20,02h 00m,INR 111,49 Seats available,4.1,https://www.redbus.in/bus-tickets/kozhikode-to-kalpetta,,
KSRTC (Kerala) - 170,Swift Deluxe Non AC Air Bus (2+2),23:50,01:30,01h 40m,INR 145,9 Seats available,4.1,https://www.redbus.in/bus-tickets/kozhikode-to-kalpetta,,
Kallada Travels (Suresh Kallada),A/C Sleeper (2+1),15:10,16:10,01h 00m,INR 800,21 Seats available,3.1,https://www.redbus.in/bus-tickets/kozhikode-to-kalpetta,,
KSRTC (Kerala) - 48,Swift Deluxe Non AC Air Bus (2+2),17:10,19:00,01h 50m,INR 145,34 Seats available,"3.8
8",https://www.redbus.in/bus-tickets/kalpetta-to-kozhikode,,
KSRTC (Kerala) - 2206,Super Express Non AC Seater Air Bus (2+2),18:40,20:34,01h 54m,INR 134,29 Seats available,3.6,https://www.redbus.in/bus-tickets/kalpetta-to-kozhikode,,
KSRTC (Kerala) - 42,Swift Deluxe Non AC Air Bus (2+2),18:55,21:25,02h 30m,INR 145,20 Seats available,3.6,https://www.redbus.in/bus-tickets/kalpetta-to-kozhikode,,
KSRTC (Kerala) - 815,Super Fast Non AC Seater (2+3),19:20,21:10,01h 50m,INR 111,44 Seats available,3.6,https://www.redbus.in/bus-tickets/kalpetta-to-kozhikode,,
KSRTC (Kerala) - 1193,Super Fast Non AC Seater (2+3),19:35,21:35,02h 00m,INR 108,44 Seats available,3.6,https://www.redbus.in/bus-tickets/kalpetta-to-kozhikode,,
KSRTC (Kerala) - 2472,Garuda Premium,20:00,22:00,02h 00m,INR 1212,25 Seats available,3.6,https://www.redbus.in/bus-tickets/kalpetta-to-kozhikode,,
KSRTC (Kerala) - 44,Swift Deluxe Non AC Air Bus (2+2),20:05,21:50,01h 45m,INR 145,30 Seats available,3.6,https://www.redbus.in/bus-tickets/kalpetta-to-kozhikode,,
KSRTC (Kerala) - 781,Super Fast Non AC Seater (2+3),20:20,22:45,02h 25m,INR 111,39 Seats available,3.6,https://www.redbus.in/bus-tickets/kalpetta-to-kozhikode,,
KSRTC (Kerala) - 582,Super Express Non AC Seater Air Bus (2+2),20:30,22:40,02h 10m,INR 129,21 Seats available,3.6,https://www.redbus.in/bus-tickets/kalpetta-to-kozhikode,,
KSRTC (Kerala) - 409,Super Express Non AC Seater Air Bus (2+2),20:30,22:15,01h 45m,INR 145,24 Seats available,3.6,https://www.redbus.in/bus-tickets/kalpetta-to-kozhikode,,
KSRTC (Kerala) - 560,Super Express Non AC Seater Air Bus (2+2),20:35,22:10,01h 35m,INR 134,33 Seats available,3.6,https://www.redbus.in/bus-tickets/kalpetta-to-kozhikode,,
KSRTC (Kerala) - 1200,Super Express Non AC Seater Air Bus (2+2),20:41,22:35,01h 54m,INR 134,39 Seats available,3.6,https://www.redbus.in/bus-tickets/kalpetta-to-kozhikode,,
KSRTC (Kerala) - 798,Super Fast Non AC Seater (2+3),20:50,23:00,02h 10m,INR 111,48 Seats available,3.6,https://www.redbus.in/bus-tickets/kalpetta-to-kozhikode,,
KSRTC (Kerala) - 129,SWIFT-GARUDA A/C SEATER BUS,21:05,22:50,01h 45m,INR 155,41 Seats available,3.6,https://www.redbus.in/bus-tickets/kalpetta-to-kozhikode,,
KSRTC (Kerala) - 673,Super Fast Non AC Seater (2+3),21:10,23:25,02h 15m,INR 111,40 Seats available,3.6,https://www.redbus.in/bus-tickets/kalpetta-to-kozhikode,,
KSRTC (Kerala) - 586,Super Express Non AC Seater Air Bus (2+2),21:15,22:50,01h 35m,INR 129,24 Seats available,3.6,https://www.redbus.in/bus-tickets/kalpetta-to-kozhikode,,
KSRTC (Kerala) - 345,Super Fast Non AC Seater (2+3),21:51,23:55,02h 04m,INR 108,41 Seats available,3.6,https://www.redbus.in/bus-tickets/kalpetta-to-kozhikode,,
KSRTC (Kerala) - 407,Super Express Non AC Seater Air Bus (2+2),22:00,23:25,01h 25m,INR 145,8 Seats available,3.6,https://www.redbus.in/bus-tickets/kalpetta-to-kozhikode,,
KSRTC (Kerala) - 793,Super Fast Non AC Seater (2+3),22:05,00:00,01h 55m,INR 111,45 Seats available,3.6,https://www.redbus.in/bus-tickets/kalpetta-to-kozhikode,,
KSRTC (Kerala) - 505,Super Express Non AC Seater Air Bus (2+2),22:25,23:59,01h 34m,INR 145,22 Seats available,"3.9
5",https://www.redbus.in/bus-tickets/kalpetta-to-kozhikode,,
Cochin Express,A/C Sleeper (2+1),22:30,23:59,01h 29m,INR 900,4 Seats available,4.1,https://www.redbus.in/bus-tickets/kalpetta-to-kozhikode,,
Cochin Express,Volvo Multi-Axle B9R A/c Semi Sleeper (2+2),22:25,23:59,01h 34m,INR 700,25 Seats available,4.1,https://www.redbus.in/bus-tickets/kalpetta-to-kozhikode,,
Cochin Express,A/C Sleeper (2+1),22:30,23:59,01h 29m,INR 900,4 Seats available,4.1,https://www.redbus.in/bus-tickets/kalpetta-to-kozhikode,,
FAST LINE BUS,A/C Sleeper (2+1),23:15,06:15,07h 00m,INR 2699,34 Seats available,New,https://www.redbus.in/bus-tickets/kalpetta-to-kozhikode,,
Cochin Express,Volvo Multi-Axle B9R A/c Semi Sleeper (2+2),22:25,23:59,01h 34m,INR 700,25 Seats available,4.1,https://www.redbus.in/bus-tickets/kalpetta-to-kozhikode,,
