Bus_name,Bus_type,Start_time,End_time,Total_duration,Price,Seats_Available,Ratings,Route_link,Route_name
SBSTC-BURDWAN - KOLKATA - 17:00 (BWN DEPOT) - 41,Non AC Seater (2+3),17:00,19:00,02h 00m,INR 95,47 Seats available,"3.5
103",https://www.redbus.in/bus-tickets/burdwan-to-kolkata,Burdwan to Kolkata
Shyamoli Paribahan Pvt Ltd,Volvo A/C Seater (2+2),16:30,19:20,02h 50m,INR 429,23 Seats available,"4.4
25",https://www.redbus.in/bus-tickets/burdwan-to-kolkata,Burdwan to Kolkata
Greenline (Karunamoyee),Scania Multi-Axle AC Semi Sleeper (2+2),16:40,19:30,02h 50m,INR 429,19 Seats available,"4.4
38",https://www.redbus.in/bus-tickets/burdwan-to-kolkata,Burdwan to Kolkata
SHYAMOLI Pvt. Ltd.(Karunamoyee),Scania Multi-Axle AC Semi Sleeper (2+2),17:00,20:00,03h 00m,INR 429,30 Seats available,"3.7
87",https://www.redbus.in/bus-tickets/burdwan-to-kolkata,Burdwan to Kolkata
Greenline,Volvo A/C Seater (2+2),17:00,19:50,02h 50m,INR 429,31 Seats available,"3.5
14",https://www.redbus.in/bus-tickets/burdwan-to-kolkata,Burdwan to Kolkata
Express Line (Karunamoyee),Volvo 9600 Multi Axle Semi-Sleeper (2+2),17:30,20:25,02h 55m,INR 429,28 Seats available,"4.3
38",https://www.redbus.in/bus-tickets/burdwan-to-kolkata,Burdwan to Kolkata
Shyamoli Paribahan Pvt Ltd,Volvo B11R Multi Axle Seater (2+2),17:55,20:45,02h 50m,INR 429,33 Seats available,"3.8
37",https://www.redbus.in/bus-tickets/burdwan-to-kolkata,Burdwan to Kolkata
Greenline (Karunamoyee),Volvo A/C Seater (2+2),18:30,21:20,02h 50m,INR 429,22 Seats available,"3.1
13",https://www.redbus.in/bus-tickets/burdwan-to-kolkata,Burdwan to Kolkata
SHYAMOLI Pvt. Ltd.(Karunamoyee),Volvo A/C Seater (2+2),19:05,21:45,02h 40m,INR 429,27 Seats available,"3.8
35",https://www.redbus.in/bus-tickets/burdwan-to-kolkata,Burdwan to Kolkata
Express Line,Scania Multi-Axle AC Semi Sleeper (2+2),19:40,22:50,03h 10m,INR 429,37 Seats available,"4.0
16",https://www.redbus.in/bus-tickets/burdwan-to-kolkata,Burdwan to Kolkata
Express Line (Karunamoyee),Volvo 9600 Multi Axle Semi-Sleeper (2+2),16:30,18:00,01h 30m,INR 429,33 Seats available,"4.9
44",https://www.redbus.in/bus-tickets/kolkata-to-burdwan,Kolkata to Burdwan
SHYAMOLI Pvt. Ltd.(Karunamoyee),Volvo A/C Seater (2+2),16:30,18:30,02h 00m,INR 429,21 Seats available,"4.5
43",https://www.redbus.in/bus-tickets/kolkata-to-burdwan,Kolkata to Burdwan
Greenline,Volvo 9600 Multi Axle Semi-Sleeper (2+2),16:40,17:50,01h 10m,INR 429,34 Seats available,"4.4
29",https://www.redbus.in/bus-tickets/kolkata-to-burdwan,Kolkata to Burdwan
Greenline (Karunamoyee),Volvo A/C Seater (2+2),16:45,19:20,02h 35m,INR 429,28 Seats available,"4.2
27",https://www.redbus.in/bus-tickets/kolkata-to-burdwan,Kolkata to Burdwan
Express Line,Volvo 9600 A/C Semi Sleeper (2+2),17:20,19:30,02h 10m,INR 429,44 Seats available,"3.9
26",https://www.redbus.in/bus-tickets/kolkata-to-burdwan,Kolkata to Burdwan
Suman sabir,Non AC Seater (2+3),18:50,22:00,03h 10m,INR 111,61 Seats available,1.2,https://www.redbus.in/bus-tickets/kolkata-to-burdwan,Kolkata to Burdwan
Royal Cruiser,Scania Multi-Axle AC Semi Sleeper (2+2),19:30,22:15,02h 45m,380,50 Seats available,"1.7
8",https://www.redbus.in/bus-tickets/kolkata-to-burdwan,Kolkata to Burdwan
Suman sabir,Non AC Seater (2+3),21:00,23:59,02h 59m,INR 111,54 Seats available,1.2,https://www.redbus.in/bus-tickets/kolkata-to-burdwan,Kolkata to Burdwan
Pammi Travels,A/C Sleeper (2+1),21:00,23:59,02h 59m,INR 1300,18 Seats available,3.6,https://www.redbus.in/bus-tickets/kolkata-to-burdwan,Kolkata to Burdwan
Pammi Travels,Non A/C Seater / Sleeper (2+1),21:00,23:59,02h 59m,INR 650,33 Seats available,3.6,https://www.redbus.in/bus-tickets/kolkata-to-burdwan,Kolkata to Burdwan
Shyamoli Paribahan Pvt Ltd,Volvo B11R Multi Axle Seater (2+2),16:50,20:45,03h 55m,INR 486,33 Seats available,"4.1
157",https://www.redbus.in/bus-tickets/durgapur-to-kolkata,Durgapur (West Bengal) to Kolkata
Greenline (Karunamoyee),Volvo A/C Seater (2+2),17:30,21:20,03h 50m,INR 486,24 Seats available,"3.9
226",https://www.redbus.in/bus-tickets/durgapur-to-kolkata,Durgapur (West Bengal) to Kolkata
SHYAMOLI Pvt. Ltd.(Karunamoyee),Volvo A/C Seater (2+2),18:00,21:45,03h 45m,INR 486,27 Seats available,"4.2
304",https://www.redbus.in/bus-tickets/durgapur-to-kolkata,Durgapur (West Bengal) to Kolkata
Express Line,Scania Multi-Axle AC Semi Sleeper (2+2),18:30,22:50,04h 20m,INR 486,37 Seats available,"4.6
297",https://www.redbus.in/bus-tickets/durgapur-to-kolkata,Durgapur (West Bengal) to Kolkata
SBSTC-KOLKATA - HALDIA - 17.30 (HALDIA DEPOT) - 565,Non AC Seater (2+3),17:30,20:30,03h 00m,INR 110,48 Seats available,"4.3
138",https://www.redbus.in/bus-tickets/kolkata-to-haldia,Kolkata to Haldia
SBSTC-KOLKATA - HALDIA - 18.15 (HALDIA DEPOT) - 566,Non AC Seater (2+3),18:15,21:15,03h 00m,INR 110,51 Seats available,"3.6
184",https://www.redbus.in/bus-tickets/kolkata-to-haldia,Kolkata to Haldia
SBSTC-HALDIA - KOLKATA - ALL STOP - 17:30 (HLD DEPOT) - 630,Non AC Seater (2+3),17:30,20:30,03h 00m,INR 110,45 Seats available,"3.8
205",https://www.redbus.in/bus-tickets/haldia-to-kolkata,Haldia to Kolkata
SHYAMOLI Pvt. Ltd.(Karunamoyee),Volvo A/C Seater (2+2),16:35,20:00,03h 25m,INR 486,21 Seats available,"4.2
279",https://www.redbus.in/bus-tickets/kolkata-to-durgapur,Kolkata to Durgapur (West Bengal)
Greenline,Volvo 9600 Multi Axle Semi-Sleeper (2+2),16:40,19:15,02h 35m,INR 486,30 Seats available,"4.6
139",https://www.redbus.in/bus-tickets/kolkata-to-durgapur,Kolkata to Durgapur (West Bengal)
Express Line (Karunamoyee),Volvo 9600 Multi Axle Semi-Sleeper (2+2),16:45,19:45,03h 00m,INR 486,33 Seats available,"4.9
231",https://www.redbus.in/bus-tickets/kolkata-to-durgapur,Kolkata to Durgapur (West Bengal)
Greenline (Karunamoyee),Volvo A/C Seater (2+2),16:45,20:45,04h 00m,INR 486,28 Seats available,"4.2
160",https://www.redbus.in/bus-tickets/kolkata-to-durgapur,Kolkata to Durgapur (West Bengal)
Express Line,Volvo 9600 A/C Semi Sleeper (2+2),17:20,21:20,04h 00m,INR 486,44 Seats available,"4.5
120",https://www.redbus.in/bus-tickets/kolkata-to-durgapur,Kolkata to Durgapur (West Bengal)
SHYAMOLI Pvt. Ltd.(Karunamoyee),Volvo A/C Seater (2+2),17:30,21:30,04h 00m,INR 486,44 Seats available,"4.5
353",https://www.redbus.in/bus-tickets/kolkata-to-durgapur,Kolkata to Durgapur (West Bengal)
Royal Cruiser,Scania Multi-Axle AC Semi Sleeper (2+2),19:30,23:15,03h 45m,475,37 Seats available,"3.6
171",https://www.redbus.in/bus-tickets/kolkata-to-durgapur,Kolkata to Durgapur (West Bengal)
Pariwartan Bus Service,NON A/C Seater / Sleeper (2+2),18:30,23:00,04h 30m,INR 500,54 Seats available, ,https://www.redbus.in/bus-tickets/kolkata-to-durgapur,Kolkata to Durgapur (West Bengal)
Maharani Travels,A/C Seater / Sleeper (2+1),21:05,01:30,04h 25m,740,24 Seats available,2.7,https://www.redbus.in/bus-tickets/kolkata-to-durgapur,Kolkata to Durgapur (West Bengal)
City Express (Shinjini),AC Seater (2+3),22:45,04:10,05h 25m,INR 320,19 Seats available,"3.8
25",https://www.redbus.in/bus-tickets/digha-to-kolkata,Digha to Kolkata
Satya Paribahan,A/C Seater (2+3),23:00,03:45,04h 45m,324,24 Seats available,"2.9
33",https://www.redbus.in/bus-tickets/digha-to-kolkata,Digha to Kolkata
Snemita Paribahan(Shinjini),A/C Seater (2+3),22:45,04:10,05h 25m,INR 320,29 Seats available,"2.9
30",https://www.redbus.in/bus-tickets/digha-to-kolkata,Digha to Kolkata
Snemita Paribahan (Shinjini),AC Seater (2+3),23:35,03:45,04h 10m,INR 420,20 Seats available,"3.1
13",https://www.redbus.in/bus-tickets/digha-to-kolkata,Digha to Kolkata
Parameswar Travels,A/C Seater Push Back (2+3),20:00,01:35,05h 35m,285,20 Seats available,"3.4
8",https://www.redbus.in/bus-tickets/digha-to-kolkata,Digha to Kolkata
Parameswar Travels,A/C Seater Push Back (2+3),21:00,03:00,06h 00m,285,15 Seats available,"2.0
10",https://www.redbus.in/bus-tickets/digha-to-kolkata,Digha to Kolkata
Parameswar Travels,A/C Seater Push Back (2+3),18:10,23:15,05h 05m,285,31 Seats available,"2.7
12",https://www.redbus.in/bus-tickets/digha-to-kolkata,Digha to Kolkata
Satya Paribahan,A/C Seater (2+3),23:30,03:40,04h 10m,296,45 Seats available,"1.9
26",https://www.redbus.in/bus-tickets/digha-to-kolkata,Digha to Kolkata
Aradhana Travels,A/C Seater / Sleeper (2+2),18:35,23:00,04h 25m,475,14 Seats available,"2.2
16",https://www.redbus.in/bus-tickets/digha-to-kolkata,Digha to Kolkata
The Joy Ride,A/C Seater / Sleeper (2+2),21:15,02:30,05h 15m,INR 650,26 Seats available,3.8,https://www.redbus.in/bus-tickets/digha-to-kolkata,Digha to Kolkata
Aradhana Travels,A/C Seater / Sleeper (2+1),19:30,23:59,04h 29m,475,39 Seats available,"1.6
16",https://www.redbus.in/bus-tickets/digha-to-kolkata,Digha to Kolkata
Satya Paribahan,A/C Seater (2+3),18:20,23:00,04h 40m,342,52 Seats available,"2.7
4",https://www.redbus.in/bus-tickets/digha-to-kolkata,Digha to Kolkata
Aradhana Bus Service,A/C Seater / Sleeper (2+2),23:00,04:00,05h 00m,523,53 Seats available,"1.4
17",https://www.redbus.in/bus-tickets/digha-to-kolkata,Digha to Kolkata
Basu Travels,A/C Seater Push Back (2+3),17:30,22:30,05h 00m,INR 419,22 Seats available,"2.3
8",https://www.redbus.in/bus-tickets/digha-to-kolkata,Digha to Kolkata
Arunita Paribahan,A/C Seater (2+3),23:35,03:45,04h 10m,INR 370,21 Seats available,"2.3
10",https://www.redbus.in/bus-tickets/digha-to-kolkata,Digha to Kolkata
Shyamoli Paribahan Pvt Ltd,Volvo A/C Seater (2+2),23:30,04:30,05h 00m,360,19 Seats available,"4.4
339",https://www.redbus.in/bus-tickets/kolkata-to-digha,Kolkata to Digha
Express Line,Volvo 9600 A/C Seater (2+2),23:45,04:45,05h 00m,359,29 Seats available,"4.4
296",https://www.redbus.in/bus-tickets/kolkata-to-digha,Kolkata to Digha
Parameswar Travels,A/C Seater Push Back (2+3),23:45,05:00,05h 15m,285,51 Seats available,"3.0
132",https://www.redbus.in/bus-tickets/kolkata-to-digha,Kolkata to Digha
Parameswar Travels,A/C Seater Push Back (2+2),23:50,04:45,04h 55m,285,19 Seats available,"3.4
69",https://www.redbus.in/bus-tickets/kolkata-to-digha,Kolkata to Digha
Santosh Bus Service,A/C Seater Push Back (2+3),23:50,05:00,05h 10m,324,35 Seats available,"4.0
37",https://www.redbus.in/bus-tickets/kolkata-to-digha,Kolkata to Digha
Sagufta Travels (Mayuri),A/C Seater (2+2),23:15,04:00,04h 45m,347,4 Seats available,"4.8
15",https://www.redbus.in/bus-tickets/kolkata-to-digha,Kolkata to Digha
City Express (Shinjini),AC Seater (2+3),23:50,04:55,05h 05m,INR 320,35 Seats available,"3.0
73",https://www.redbus.in/bus-tickets/kolkata-to-digha,Kolkata to Digha
Sagufta Travels(Angel),A/C Seater (2+2),23:58,05:10,05h 12m,299,22 Seats available,"3.7
28",https://www.redbus.in/bus-tickets/kolkata-to-digha,Kolkata to Digha
Basu Travels,A/C Seater Push Back (2+3),23:30,04:30,05h 00m,INR 259,34 Seats available,"3.8
18",https://www.redbus.in/bus-tickets/kolkata-to-digha,Kolkata to Digha
Parameswar Travels,A/C Seater Push Back (2+3),23:59,05:00,05h 01m,285,49 Seats available,"2.7
128",https://www.redbus.in/bus-tickets/kolkata-to-digha,Kolkata to Digha
SHYAMOLI Pvt. Ltd.(Karunamoyee),Volvo A/C Seater (2+2),16:45,21:45,05h 00m,INR 524,27 Seats available,"3.6
209",https://www.redbus.in/bus-tickets/asansol-to-kolkata,Asansol (West Bengal) to Kolkata
Express Line,Scania Multi-Axle AC Semi Sleeper (2+2),17:30,22:50,05h 20m,INR 524,35 Seats available,"4.4
263",https://www.redbus.in/bus-tickets/asansol-to-kolkata,Asansol (West Bengal) to Kolkata
WBTC (CTC) Habra-Midnapur - 194|17:00,Non AC Seater (2+3),17:00,19:45,02h 45m,INR 105,43 Seats available,"3.3
10",https://www.redbus.in/bus-tickets/midnapore-to-kolkata,Midnapore to Kolkata
SBSTC-KOLKATA - JAMURIA - VIA - DURGAPUR - 17:30 - 300,Non AC Seater (2+3),17:30,22:00,04h 30m,INR 180,52 Seats available,"4.1
4",https://www.redbus.in/bus-tickets/kolkata-to-asansol,Kolkata to Asansol (West Bengal)
SHYAMOLI Pvt. Ltd.(Karunamoyee),Volvo A/C Seater (2+2),16:35,21:00,04h 25m,INR 524,21 Seats available,"4.3
124",https://www.redbus.in/bus-tickets/kolkata-to-asansol,Kolkata to Asansol (West Bengal)
Greenline,Volvo 9600 Multi Axle Semi-Sleeper (2+2),16:40,20:00,03h 20m,INR 524,29 Seats available,"4.2
53",https://www.redbus.in/bus-tickets/kolkata-to-asansol,Kolkata to Asansol (West Bengal)
Express Line (Karunamoyee),Volvo 9600 Multi Axle Semi-Sleeper (2+2),16:45,20:45,04h 00m,INR 524,33 Seats available,"4.6
133",https://www.redbus.in/bus-tickets/kolkata-to-asansol,Kolkata to Asansol (West Bengal)
Greenline (Karunamoyee),Volvo A/C Seater (2+2),16:45,21:45,05h 00m,INR 524,28 Seats available,"4.2
83",https://www.redbus.in/bus-tickets/kolkata-to-asansol,Kolkata to Asansol (West Bengal)
Express Line,Volvo 9600 A/C Semi Sleeper (2+2),17:20,22:20,05h 00m,INR 524,44 Seats available,"4.6
69",https://www.redbus.in/bus-tickets/kolkata-to-asansol,Kolkata to Asansol (West Bengal)
Royal Cruiser,Scania Multi-Axle AC Semi Sleeper (2+2),19:30,00:15,04h 45m,523,33 Seats available,"3.7
62",https://www.redbus.in/bus-tickets/kolkata-to-asansol,Kolkata to Asansol (West Bengal)
Pariwartan Bus Service,NON A/C Seater / Sleeper (2+2),18:30,00:30,06h 00m,INR 500,54 Seats available, ,https://www.redbus.in/bus-tickets/kolkata-to-asansol,Kolkata to Asansol (West Bengal)
Maharani Travels,A/C Seater / Sleeper (2+1),21:05,02:00,04h 55m,740,24 Seats available,2.7,https://www.redbus.in/bus-tickets/kolkata-to-asansol,Kolkata to Asansol (West Bengal)
Easy Ride,Volvo 9600 Multi-Axle A/C Sleeper (2+1),18:45,07:25,12h 40m,INR 1500,17 Seats available,"4.7
680",https://www.redbus.in/bus-tickets/kolkata-to-siliguri,Kolkata to Siliguri
Lokenath Bus Service,Volvo Multi-Axle A/C Seater/Sleeper (2+1),18:15,06:30,12h 15m,INR 1200,41 Seats available,"4.5
493",https://www.redbus.in/bus-tickets/kolkata-to-siliguri,Kolkata to Siliguri
Shyamoli Paribahan Pvt Ltd,Volvo 9600 A/C Seater/Sleeper (2+1),18:30,07:45,13h 15m,INR 1200,28 Seats available,"4.4
834",https://www.redbus.in/bus-tickets/kolkata-to-siliguri,Kolkata to Siliguri
AdExpress Line,Volvo 9600 Multi-Axle A/C Sleeper (2+1),18:30,07:40,13h 10m,1499,20 Seats available,"4.3
547",https://www.redbus.in/bus-tickets/kolkata-to-siliguri,Kolkata to Siliguri
Shyamoli Paribahan Pvt Ltd,Volvo Multi-Axle A/C seater/sleeper (2+1),19:30,08:45,13h 15m,INR 1200,40 Seats available,"4.4
599",https://www.redbus.in/bus-tickets/kolkata-to-siliguri,Kolkata to Siliguri
Shyamoli Paribahan Pvt Ltd,Volvo 9600 Multi-Axle A/C Sleeper (2+1),18:00,06:50,12h 50m,INR 1500,19 Seats available,"4.4
428",https://www.redbus.in/bus-tickets/kolkata-to-siliguri,Kolkata to Siliguri
Lokenath Bus Service,Volvo 9600 Multi-Axle A/C Sleeper (2+1),18:45,07:30,12h 45m,INR 1500,19 Seats available,"4.6
522",https://www.redbus.in/bus-tickets/kolkata-to-siliguri,Kolkata to Siliguri
AdRoyal Cruiser,Scania Multi-Axle AC Semi Sleeper (2+2),18:00,07:00,13h 00m,995,20 Seats available,"3.6
552",https://www.redbus.in/bus-tickets/kolkata-to-siliguri,Kolkata to Siliguri
Greenline,Volvo Multi-Axle A/C Sleeper (2+1),18:15,07:15,13h 00m,INR 1500,18 Seats available,"4.6
362",https://www.redbus.in/bus-tickets/kolkata-to-siliguri,Kolkata to Siliguri
Greenline,Volvo 9600 Multi-Axle A/C Sleeper (2+1),18:30,07:45,13h 15m,INR 1500,16 Seats available,"4.5
464",https://www.redbus.in/bus-tickets/kolkata-to-siliguri,Kolkata to Siliguri
SBSTC-KOLKATA - HALDIA - 17.30 (HALDIA DEPOT) - 565,Non AC Seater (2+3),17:30,00:00,06h 30m,INR 80,51 Seats available,"4.6
30",https://www.redbus.in/bus-tickets/kolkata-to-nimtouri,Kolkata to Nimtouri
SBSTC-KOLKATA - HALDIA - 18.15 (HALDIA DEPOT) - 566,Non AC Seater (2+3),18:15,00:00,05h 45m,INR 80,49 Seats available,"4.3
83",https://www.redbus.in/bus-tickets/kolkata-to-nimtouri,Kolkata to Nimtouri
SBSTC-GARIA - DIGHA - 22:30 (DIGHA DEPOT) - 3745,Non AC Seater (2+3),23:45,00:00,00h 15m,INR 78,47 Seats available,4.1,https://www.redbus.in/bus-tickets/kolkata-to-nimtouri,Kolkata to Nimtouri
NBSTC-SLG-KOL-R1-18:30,NON A/C Seater Push Back (2+2),18:30,06:30,12h 00m,INR 486,10 Seats available,"3.9
392",https://www.redbus.in/bus-tickets/siliguri-to-kolkata,Siliguri to Kolkata
Easy Ride,Volvo 9600 Multi-Axle A/C Sleeper (2+1),18:45,07:25,12h 40m,INR 1500,6 Seats available,"4.7
674",https://www.redbus.in/bus-tickets/siliguri-to-kolkata,Siliguri to Kolkata
Shyamoli Paribahan Pvt Ltd,Volvo 9600 Multi-Axle A/C Sleeper (2+1),18:00,06:05,12h 05m,INR 1500,15 Seats available,"4.5
429",https://www.redbus.in/bus-tickets/siliguri-to-kolkata,Siliguri to Kolkata
Shyamoli Paribahan Pvt Ltd,Volvo 9600 A/C Seater/Sleeper (2+1),19:30,08:20,12h 50m,INR 1200,36 Seats available,"4.4
774",https://www.redbus.in/bus-tickets/siliguri-to-kolkata,Siliguri to Kolkata
Express Line,Volvo 9600 Multi-Axle A/C Sleeper (2+1),19:00,07:40,12h 40m,1499,11 Seats available,"4.4
538",https://www.redbus.in/bus-tickets/siliguri-to-kolkata,Siliguri to Kolkata
Greenline,Volvo 9600 Multi-Axle A/C Sleeper (2+1),18:30,07:30,13h 00m,INR 1500,22 Seats available,"4.4
522",https://www.redbus.in/bus-tickets/siliguri-to-kolkata,Siliguri to Kolkata
Lokenath Bus Service,Volvo Multi-Axle A/C Seater/Sleeper (2+1),18:45,06:45,12h 00m,INR 1200,18 Seats available,"4.2
472",https://www.redbus.in/bus-tickets/siliguri-to-kolkata,Siliguri to Kolkata
Lokenath Bus Service,Volvo Multi Axle B11R AC Seater\Sleeper (2+1),20:30,08:30,12h 00m,INR 1200,18 Seats available,"4.3
230",https://www.redbus.in/bus-tickets/siliguri-to-kolkata,Siliguri to Kolkata
Greenline,Volvo Multi-Axle A/C Sleeper (2+1),18:00,07:00,13h 00m,INR 1500,19 Seats available,"4.5
395",https://www.redbus.in/bus-tickets/siliguri-to-kolkata,Siliguri to Kolkata
Annesha Travels,NON A/C Seater / Sleeper (2+2),18:00,07:00,13h 00m,INR 450,33 Seats available,"2.2
149",https://www.redbus.in/bus-tickets/siliguri-to-kolkata,Siliguri to Kolkata
SBSTC-GARIA - DIGHA - 22:30 (DIGHA DEPOT) - 3745,Non AC Seater (2+3),23:45,00:00,00h 15m,INR 126,47 Seats available,"3.7
16",https://www.redbus.in/bus-tickets/kolkata-to-contai-kanthi,Kolkata to Contai (Kanthi)
Santosh Bus Service,NON A/C Seater Pushback (2+3),17:00,20:40,03h 40m,INR 190,40 Seats available,3.6,https://www.redbus.in/bus-tickets/kolkata-to-contai-kanthi,Kolkata to Contai (Kanthi)
Santosh Bus Service,A/C Seater Push Back (2+3),19:00,22:20,03h 20m,INR 249,45 Seats available,"3.4
18",https://www.redbus.in/bus-tickets/kolkata-to-contai-kanthi,Kolkata to Contai (Kanthi)
Mayuri Express,AC Seater (2+2),23:15,02:30,03h 15m,INR 300,29 Seats available,"4.9
4",https://www.redbus.in/bus-tickets/kolkata-to-contai-kanthi,Kolkata to Contai (Kanthi)
Mayuri Express,AC Seater (2+2),23:15,02:30,03h 15m,INR 400,29 Seats available,4.9,https://www.redbus.in/bus-tickets/kolkata-to-contai-kanthi,Kolkata to Contai (Kanthi)
Snemita Paribahan (Shinjini),AC Seater (2+2),23:45,03:30,03h 45m,INR 320,16 Seats available,4.3,https://www.redbus.in/bus-tickets/kolkata-to-contai-kanthi,Kolkata to Contai (Kanthi)
City Express (Shinjini),AC Seater (2+2),23:45,03:30,03h 45m,INR 320,8 Seats available,3.9,https://www.redbus.in/bus-tickets/kolkata-to-contai-kanthi,Kolkata to Contai (Kanthi)
Santosh Bus Service,A/C Seater / Sleeper (2+2),23:59,04:35,04h 36m,323,38 Seats available,"3.4
6",https://www.redbus.in/bus-tickets/kolkata-to-contai-kanthi,Kolkata to Contai (Kanthi)
Samanta Travels,A/C Seater (2+3),18:10,22:10,04h 00m,285,16 Seats available,"1.5
4",https://www.redbus.in/bus-tickets/kolkata-to-contai-kanthi,Kolkata to Contai (Kanthi)
Santosh Bus Service,A/C Seater (2+3),18:30,22:45,04h 15m,INR 250,46 Seats available,"2.9
14",https://www.redbus.in/bus-tickets/kolkata-to-contai-kanthi,Kolkata to Contai (Kanthi)
SBSTC-DIGHA - DURGAPUR - VIA - BISHNUPUR - 2/2 - 20:30 - 3808,Non AC Seater (2+2),20:30,04:40,08h 10m,INR 233,20 Seats available,"3.9
66",https://www.redbus.in/bus-tickets/digha-to-durgapur,Digha to Durgapur (West Bengal)
SBSTC-DIGHA - ASANSOL - VIA - MEDINIPUR-DURGAPUR - 21:30 - 1553,Non AC Seater (2+3),21:30,06:00,08h 30m,INR 238,28 Seats available,"3.3
100",https://www.redbus.in/bus-tickets/digha-to-durgapur,Digha to Durgapur (West Bengal)
SBSTC-KOLKATA - MIDNAPUR - 18:00 (MID DEPOT) - 597,Non AC Seater (2+3),18:00,21:00,03h 00m,INR 110,51 Seats available,"3.3
29",https://www.redbus.in/bus-tickets/kolkata-to-midnapore,Kolkata to Midnapore
SBSTC-KOLKATA - MIDNAPUR - 18:45 (MID DEPOT) - 678,Non AC Seater (2+3),18:45,21:45,03h 00m,INR 110,48 Seats available,"4.0
46",https://www.redbus.in/bus-tickets/kolkata-to-midnapore,Kolkata to Midnapore
Basu Travels,A/C Seater Push Back (2+3),23:30,01:45,02h 15m,INR 259,20 Seats available,2.8,https://www.redbus.in/bus-tickets/kolkata-to-nandakumar,Kolkata to Nandakumar (west bengal)
Basu Travels,A/C Seater Push Back (2+3),23:55,02:15,02h 20m,INR 469,21 Seats available,2.8,https://www.redbus.in/bus-tickets/kolkata-to-nandakumar,Kolkata to Nandakumar (west bengal)
SBSTC-KOLKATA - HALDIA - 17.30 (HALDIA DEPOT) - 565,Non AC Seater (2+3),17:30,00:00,06h 30m,INR 68,51 Seats available,"3.0
14",https://www.redbus.in/bus-tickets/kolkata-to-mecheda-west-bengal,Kolkata to Mecheda (West Bengal)
SBSTC-KOLKATA - HALDIA - 18.15 (HALDIA DEPOT) - 566,Non AC Seater (2+3),18:15,00:00,05h 45m,INR 68,51 Seats available,"3.7
27",https://www.redbus.in/bus-tickets/kolkata-to-mecheda-west-bengal,Kolkata to Mecheda (West Bengal)
SBSTC-GARIA - DIGHA - 22:30 (DIGHA DEPOT) - 3745,Non AC Seater (2+3),23:45,00:00,00h 15m,INR 68,47 Seats available,3.9,https://www.redbus.in/bus-tickets/kolkata-to-mecheda-west-bengal,Kolkata to Mecheda (West Bengal)
SBSTC-DURGAPUR - DIGHA - VIA - MIDNAPUR - 2/2 - 20:00 (D - 3807,Non AC Seater (2+2),20:00,04:45,08h 45m,INR 238,13 Seats available,"4.3
138",https://www.redbus.in/bus-tickets/durgapur-to-digha,Durgapur (West Bengal) to Digha
SBSTC-KOLKATA - GOPIGANJ - 17:30 (ARM DEPOT) - 603,Non AC Seater (2+3),17:30,00:00,06h 30m,INR 64,52 Seats available,"3.1
4",https://www.redbus.in/bus-tickets/kolkata-to-kolaghat,Kolkata to Kolaghat
SBSTC-KOLKATA - MIDNAPUR - 18:00 (MID DEPOT) - 597,Non AC Seater (2+3),18:00,00:00,06h 00m,INR 64,51 Seats available,"3.7
6",https://www.redbus.in/bus-tickets/kolkata-to-kolaghat,Kolkata to Kolaghat
SBSTC-KOLKATA - MIDNAPUR - 18:45 (MID DEPOT) - 678,Non AC Seater (2+3),18:45,00:00,05h 15m,INR 64,49 Seats available,"4.1
28",https://www.redbus.in/bus-tickets/kolkata-to-kolaghat,Kolkata to Kolaghat
SBSTC-GARIA - DIGHA - 22:30 (DIGHA DEPOT) - 3745,Non AC Seater (2+3),22:30,00:00,01h 30m,INR 80,47 Seats available,4.2,https://www.redbus.in/bus-tickets/kolkata-to-kolaghat,Kolkata to Kolaghat
Satya Paribahan,A/C Seater (2+3),23:00,05:10,06h 10m,324,22 Seats available,"3.3
29",https://www.redbus.in/bus-tickets/digha-to-barasat-west-bengal,Digha to Barasat (West Bengal)
Snemita Paribahan (Shinjini),AC Seater (2+3),23:35,05:00,05h 25m,INR 420,20 Seats available,"3.2
18",https://www.redbus.in/bus-tickets/digha-to-barasat-west-bengal,Digha to Barasat (West Bengal)
Aradhana Travels,A/C Seater / Sleeper (2+2),18:35,23:55,05h 20m,475,14 Seats available,"1.2
10",https://www.redbus.in/bus-tickets/digha-to-barasat-west-bengal,Digha to Barasat (West Bengal)
Aradhana Bus Service,A/C Seater / Sleeper (2+2),23:00,04:30,05h 30m,523,53 Seats available,"2.0
7",https://www.redbus.in/bus-tickets/digha-to-barasat-west-bengal,Digha to Barasat (West Bengal)
Arunita Paribahan,A/C Seater (2+3),23:35,05:00,05h 25m,INR 370,21 Seats available,2.8,https://www.redbus.in/bus-tickets/digha-to-barasat-west-bengal,Digha to Barasat (West Bengal)
The Joy Ride,A/C Seater / Sleeper (2+2),21:15,03:35,06h 20m,INR 650,26 Seats available,3.8,https://www.redbus.in/bus-tickets/digha-to-barasat-west-bengal,Digha to Barasat (West Bengal)
Shyamoli Paribahan Pvt Ltd,Scania Multi-Axle AC Semi Sleeper (2+2),19:30,06:25,10h 55m,INR 1000,41 Seats available,"4.4
352",https://www.redbus.in/bus-tickets/durgapur-to-siliguri,Durgapur (West Bengal) to Siliguri
Greenline,Volvo Multi-Axle A/C Sleeper (2+1),19:45,06:30,10h 45m,INR 1350,22 Seats available,"4.4
289",https://www.redbus.in/bus-tickets/durgapur-to-siliguri,Durgapur (West Bengal) to Siliguri
Express Line,Volvo 9600 Multi-Axle A/C Sleeper (2+1),19:40,06:45,11h 05m,INR 1349,23 Seats available,"4.4
198",https://www.redbus.in/bus-tickets/durgapur-to-siliguri,Durgapur (West Bengal) to Siliguri
Guru Nanak (Inter City),NON A/C Seater / Sleeper (2+2),18:30,08:00,13h 30m,599,39 Seats available,"3.6
122",https://www.redbus.in/bus-tickets/durgapur-to-siliguri,Durgapur (West Bengal) to Siliguri
Lady Diana Travels,NON A/C Seater / Sleeper (2+2),18:15,06:15,12h 00m,INR 600,1 Seat available,"3.7
69",https://www.redbus.in/bus-tickets/durgapur-to-siliguri,Durgapur (West Bengal) to Siliguri
Shivnarayan Travels,NON A/C Seater / Sleeper (2+2),18:00,06:30,12h 30m,INR 650,10 Seats available,"3.2
40",https://www.redbus.in/bus-tickets/durgapur-to-siliguri,Durgapur (West Bengal) to Siliguri
Shivnarayan Travels,NON A/C Seater / Sleeper (2+2),19:00,07:00,12h 00m,INR 650,7 Seats available,"2.5
35",https://www.redbus.in/bus-tickets/durgapur-to-siliguri,Durgapur (West Bengal) to Siliguri
SBSTC-GARIA - DIGHA - 22:30 (DIGHA DEPOT) - 3745,Non AC Seater (2+3),23:45,00:00,00h 15m,INR 107,47 Seats available,"3.0
5",https://www.redbus.in/bus-tickets/kolkata-to-heria,Kolkata to Heria
Basu Travels,A/C Seater Push Back (2+3),23:30,02:55,03h 25m,INR 259,13 Seats available,2.8,https://www.redbus.in/bus-tickets/kolkata-to-heria,Kolkata to Heria
Basu Travels,A/C Seater Push Back (2+3),23:55,02:45,02h 50m,INR 469,21 Seats available,2.8,https://www.redbus.in/bus-tickets/kolkata-to-heria,Kolkata to Heria
SBSTC-GARIA - DIGHA - 22:30 (DIGHA DEPOT) - 3745,Non AC Seater (2+3),23:45,00:00,00h 15m,INR 96,47 Seats available,"3.9
4",https://www.redbus.in/bus-tickets/kolkata-to-chandipur-west-bengal,Kolkata to Chandipur (West Bengal)
Express Line,Volvo Multi Axle A/C Sleeper I-Shift B11R (2+1),18:30,05:35,11h 05m,INR 1349,21 Seats available,"4.6
230",https://www.redbus.in/bus-tickets/siliguri-to-durgapur,Siliguri to Durgapur (West Bengal)
Greenline,Volvo 9600 Multi-Axle A/C Sleeper (2+1),19:00,06:00,11h 00m,INR 1350,20 Seats available,"4.4
319",https://www.redbus.in/bus-tickets/siliguri-to-durgapur,Siliguri to Durgapur (West Bengal)
Shyamoli Paribahan Pvt Ltd,Scania Multi-Axle AC Semi Sleeper (2+2),18:20,05:15,10h 55m,INR 1000,33 Seats available,"4.3
355",https://www.redbus.in/bus-tickets/siliguri-to-durgapur,Siliguri to Durgapur (West Bengal)
Guru Nanak (Inter City),NON A/C Seater / Sleeper (2+2),17:30,06:50,13h 20m,599,33 Seats available,"3.7
138",https://www.redbus.in/bus-tickets/siliguri-to-durgapur,Siliguri to Durgapur (West Bengal)
Shivnarayan Travels,NON A/C Seater / Sleeper (2+2),17:30,05:00,11h 30m,INR 650,8 Seats available,"3.6
49",https://www.redbus.in/bus-tickets/siliguri-to-durgapur,Siliguri to Durgapur (West Bengal)
Shyamoli Paribahan Pvt Ltd,Scania Multi-Axle AC Semi Sleeper (2+2),19:30,00:50,05h 20m,INR 700,41 Seats available,"4.2
73",https://www.redbus.in/bus-tickets/durgapur-to-malda,Durgapur (West Bengal) to Malda
Greenline,Volvo Multi-Axle A/C Sleeper (2+1),19:45,01:15,05h 30m,INR 1000,24 Seats available,"3.2
20",https://www.redbus.in/bus-tickets/durgapur-to-malda,Durgapur (West Bengal) to Malda
Guru Nanak (Inter City),NON A/C Seater / Sleeper (2+2),18:30,00:10,05h 40m,399,42 Seats available,"2.9
26",https://www.redbus.in/bus-tickets/durgapur-to-malda,Durgapur (West Bengal) to Malda
Express Line,Volvo 9600 Multi-Axle A/C Sleeper (2+1),19:40,01:10,05h 30m,INR 999,23 Seats available,"4.7
19",https://www.redbus.in/bus-tickets/durgapur-to-malda,Durgapur (West Bengal) to Malda
Mangaldeep,NON A/C Seater / Sleeper (2+2),17:30,00:30,07h 00m,INR 600,20 Seats available,"3.4
10",https://www.redbus.in/bus-tickets/durgapur-to-malda,Durgapur (West Bengal) to Malda
SBSTC-DIGHA - ASANSOL - VIA - MEDINIPUR-DURGAPUR - 21:30 - 1553,Non AC Seater (2+3),21:30,07:10,09h 40m,INR 267,28 Seats available,"3.6
78",https://www.redbus.in/bus-tickets/digha-to-asansol,Digha to Asansol (West Bengal)
Bengal Surface Transport,A/C Seater Push Back (2+3),23:20,04:00,04h 40m,INR 419,21 Seats available,2.8,https://www.redbus.in/bus-tickets/kolkata-to-ramnagar-west-bengal,Kolkata to Ramnagar (West Bengal)
Basu Travels,A/C Seater Push Back (2+3),23:30,03:45,04h 15m,INR 259,34 Seats available,2.8,https://www.redbus.in/bus-tickets/kolkata-to-ramnagar-west-bengal,Kolkata to Ramnagar (West Bengal)
Bengal Surface Transport,A/C Seater Push Back (2+3),23:59,04:45,04h 46m,INR 399,61 Seats available,2.8,https://www.redbus.in/bus-tickets/kolkata-to-ramnagar-west-bengal,Kolkata to Ramnagar (West Bengal)
Basu Travels,A/C Seater Push Back (2+3),23:55,04:40,04h 45m,INR 469,21 Seats available,2.8,https://www.redbus.in/bus-tickets/kolkata-to-ramnagar-west-bengal,Kolkata to Ramnagar (West Bengal)
Santosh Bus Service,NON A/C Seater Pushback (2+3),20:05,23:45,03h 40m,INR 179,37 Seats available,3.8,https://www.redbus.in/bus-tickets/kolkata-to-bajkul-west-bengal,Kolkata to Bajkul (West Bengal)
Bengal Surface Transport,A/C Seater Push Back (2+3),23:20,02:15,02h 55m,INR 419,21 Seats available,2.8,https://www.redbus.in/bus-tickets/kolkata-to-bajkul-west-bengal,Kolkata to Bajkul (West Bengal)
Basu Travels,A/C Seater Push Back (2+3),23:30,02:30,03h 00m,INR 259,34 Seats available,2.8,https://www.redbus.in/bus-tickets/kolkata-to-bajkul-west-bengal,Kolkata to Bajkul (West Bengal)
Basu Travels,A/C Seater Push Back (2+3),23:55,02:20,02h 25m,INR 469,21 Seats available,2.8,https://www.redbus.in/bus-tickets/kolkata-to-bajkul-west-bengal,Kolkata to Bajkul (West Bengal)
Bengal Surface Transport,A/C Seater Push Back (2+3),23:59,02:30,02h 31m,INR 399,61 Seats available,2.8,https://www.redbus.in/bus-tickets/kolkata-to-bajkul-west-bengal,Kolkata to Bajkul (West Bengal)
SBSTC-KARUNAMOYEE - BANKURA - A/C - 15:15 (BNK DEPOT) - 1524,AC Seater (2+2),19:30,00:00,04h 30m,INR 70,37 Seats available,"3.8
4",https://www.redbus.in/bus-tickets/durgapur-to-bankura,Durgapur (West Bengal) to Bankura
Dolphin tours and travels,A/C Seater / Sleeper (2+2),17:45,19:00,01h 15m,806,36 Seats available,3.8,https://www.redbus.in/bus-tickets/durgapur-to-bankura,Durgapur (West Bengal) to Bankura
Shyamoli Paribahan Pvt Ltd,Scania Multi-Axle AC Semi Sleeper (2+2),18:20,23:20,05h 00m,INR 500,34 Seats available,"4.0
38",https://www.redbus.in/bus-tickets/siliguri-to-malda,Siliguri to Malda
Lokenath Bus Service,Volvo Multi-Axle A/C Seater/Sleeper (2+1),18:45,23:55,05h 10m,INR 649,28 Seats available,"4.5
14",https://www.redbus.in/bus-tickets/siliguri-to-malda,Siliguri to Malda
Greenline,Volvo 9600 Multi-Axle A/C Sleeper (2+1),19:00,23:59,04h 59m,INR 1100,26 Seats available,"5.0
6",https://www.redbus.in/bus-tickets/siliguri-to-malda,Siliguri to Malda
Express Line,Volvo 9600 Multi-Axle A/C Sleeper (2+1),19:00,00:15,05h 15m,999,11 Seats available,"4.7
8",https://www.redbus.in/bus-tickets/siliguri-to-malda,Siliguri to Malda
Shyamoli Paribahan Pvt Ltd,Volvo 9600 A/C Seater/Sleeper (2+1),19:30,01:10,05h 40m,INR 600,39 Seats available,"4.5
9",https://www.redbus.in/bus-tickets/siliguri-to-malda,Siliguri to Malda
Lokenath Bus Service,Volvo Multi Axle B11R AC Seater\Sleeper (2+1),20:30,01:20,04h 50m,INR 649,20 Seats available,"5.0
5",https://www.redbus.in/bus-tickets/siliguri-to-malda,Siliguri to Malda
Aradhana Travels,Volvo A/C B11R Multi Axle Semi Sleeper (2+2),21:30,03:00,05h 30m,713,2 Seats available,"4.2
7",https://www.redbus.in/bus-tickets/siliguri-to-malda,Siliguri to Malda
Shyamoli Paribahan Pvt Ltd,Volvo 9600 Multi-Axle A/C Sleeper (2+1),18:00,23:15,05h 15m,INR 800,19 Seats available,"3.9
7",https://www.redbus.in/bus-tickets/siliguri-to-malda,Siliguri to Malda
Aradhana Travels,A/C Seater / Sleeper (2+1),19:05,00:50,05h 45m,713,2 Seats available,"3.4
8",https://www.redbus.in/bus-tickets/siliguri-to-malda,Siliguri to Malda
Guru Nanak (Inter City),NON A/C Seater / Sleeper (2+2),17:30,23:10,05h 40m,499,38 Seats available,"2.5
8",https://www.redbus.in/bus-tickets/siliguri-to-malda,Siliguri to Malda
SBSTC-KOLKATA - SURI - 18:00 - (Suri Depot) - 1205,Non AC Seater (2+3),18:00,23:00,05h 00m,INR 190,52 Seats available,"2.7
22",https://www.redbus.in/bus-tickets/kolkata-to-suri,Kolkata to Suri
