Route_name,Route_link
Tezpur to Guwahati,https://www.redbus.in/bus-tickets/tezpur-to-guwahati
Guwahati to Tezpur,https://www.redbus.in/bus-tickets/guwahati-to-tezpur
Nagaon (Assam) to Guwahati,https://www.redbus.in/bus-tickets/nagaon-to-guwahati
Guwahati to Nagaon (Assam),https://www.redbus.in/bus-tickets/guwahati-to-nagaon
Goalpara to Guwahati,https://www.redbus.in/bus-tickets/goalpara-to-guwahati
Jorhat to North Lakhimpur,https://www.redbus.in/bus-tickets/jorhat-to-north-lakhimpur
Dhubri to Guwahati,https://www.redbus.in/bus-tickets/dhubri-to-guwahati
Guwahati to Dhubri,https://www.redbus.in/bus-tickets/guwahati-to-dhubri
North Lakhimpur to Sibsagar,https://www.redbus.in/bus-tickets/north-lakhimpur-to-sibsagar
North Lakhimpur to Jorhat,https://www.redbus.in/bus-tickets/north-lakhimpur-to-jorhat
Dhekiajuli to Guwahati,https://www.redbus.in/bus-tickets/dhekiajuli-to-guwahati
Jorhat to Dibrugarh,https://www.redbus.in/bus-tickets/jorhat-to-dibrugarh
Jorhat to Dhemaji,https://www.redbus.in/bus-tickets/jorhat-to-dhemaji
Sibsagar to North Lakhimpur,https://www.redbus.in/bus-tickets/sibsagar-to-north-lakhimpur
Dhemaji to Jorhat,https://www.redbus.in/bus-tickets/dhemaji-to-jorhat
Tezpur to Dibrugarh,https://www.redbus.in/bus-tickets/tezpur-to-dibrugarh
Haflong to Guwahati,https://www.redbus.in/bus-tickets/haflong-to-guwahati
North Lakhimpur to Dibrugarh,https://www.redbus.in/bus-tickets/north-lakhimpur-to-dibrugarh
Jorhat to Tinsukia,https://www.redbus.in/bus-tickets/jorhat-to-tinsukia
Dibrugarh to Tezpur,https://www.redbus.in/bus-tickets/dibrugarh-to-tezpur
Guwahati to Biswanath Charali,https://www.redbus.in/bus-tickets/guwahati-to-biswanath-charali
Guwahati to Haflong,https://www.redbus.in/bus-tickets/guwahati-to-haflong
Dibrugarh to North Lakhimpur,https://www.redbus.in/bus-tickets/dibrugarh-to-north-lakhimpur
Nagaon (Assam) to Haflong,https://www.redbus.in/bus-tickets/nagaon-to-haflong
Tezpur to Moran,https://www.redbus.in/bus-tickets/tezpur-to-moran
Dibrugarh to Jorhat,https://www.redbus.in/bus-tickets/dibrugarh-to-jorhat
Guwahati to Silchar,https://www.redbus.in/bus-tickets/guwahati-to-silchar
Bihpuria to Dibrugarh,https://www.redbus.in/bus-tickets/bihpuria-to-dibrugarh
Haflong to Nagaon (Assam),https://www.redbus.in/bus-tickets/haflong-to-nagaon
North Lakhimpur to Tezpur,https://www.redbus.in/bus-tickets/north-lakhimpur-to-tezpur
Biswanath Charali to Guwahati,https://www.redbus.in/bus-tickets/biswanath-charali-to-guwahati
Biswanath Charali to Dibrugarh,https://www.redbus.in/bus-tickets/biswanath-charali-to-dibrugarh
Tinsukia to Jorhat,https://www.redbus.in/bus-tickets/tinsukia-to-jorhat
Moran to Tezpur,https://www.redbus.in/bus-tickets/moran-to-tezpur
Jorhat to Gogamukh,https://www.redbus.in/bus-tickets/jorhat-to-gogamukh
Dibrugarh to Biswanath Charali,https://www.redbus.in/bus-tickets/dibrugarh-to-biswanath-charali
Gohpur to Guwahati,https://www.redbus.in/bus-tickets/gohpur-to-guwahati
Tinsukia to Tezpur,https://www.redbus.in/bus-tickets/tinsukia-to-tezpur
North Lakhimpur to Golaghat,https://www.redbus.in/bus-tickets/north-lakhimpur-to-golaghat
Golaghat to North Lakhimpur,https://www.redbus.in/bus-tickets/golaghat-to-north-lakhimpur
