Route_name,Route_link
Vijayawada to Hyderabad,https://www.redbus.in/bus-tickets/vijayawada-to-hyderabad
Hyderabad to Vijayawada,https://www.redbus.in/bus-tickets/hyderabad-to-vijayawada
Kakinada to Visakhapatnam,https://www.redbus.in/bus-tickets/kakinada-to-visakhapatnam
Visakhapatnam to Kakinada,https://www.redbus.in/bus-tickets/visakhapatnam-to-kakinada
Chittoor (Andhra Pradesh) to Bangalore,https://www.redbus.in/bus-tickets/chittoor-andhra-pradesh-to-bangalore
Kadapa to Bangalore,https://www.redbus.in/bus-tickets/kadapa-to-bangalore
Anantapur (andhra pradesh) to Bangalore,https://www.redbus.in/bus-tickets/ananthapur-to-bangalore
Tirupati to Bangalore,https://www.redbus.in/bus-tickets/tirupathi-to-bangalore
Visakhapatnam to Vijayawada,https://www.redbus.in/bus-tickets/visakhapatnam-to-vijayawada
Ongole to Hyderabad,https://www.redbus.in/bus-tickets/ongole-to-hyderabad
Bangalore to Tirupati,https://www.redbus.in/bus-tickets/bangalore-to-tirupathi
Macherla (andhra pradesh) to Hyderabad,https://www.redbus.in/bus-tickets/macherla-to-hyderabad
Rajahmundry to Visakhapatnam,https://www.redbus.in/bus-tickets/rajahmundry-to-visakhapatnam
Nandyal to Hyderabad,https://www.redbus.in/bus-tickets/nandyala-to-hyderabad
Bangalore to Kadapa,https://www.redbus.in/bus-tickets/bangalore-to-kadapa
Hyderabad to Ongole,https://www.redbus.in/bus-tickets/hyderabad-to-ongole
Guntur (Andhra Pradesh) to Hyderabad,https://www.redbus.in/bus-tickets/guntur-to-hyderabad
Vijayawada to Visakhapatnam,https://www.redbus.in/bus-tickets/vijayawada-to-visakhapatnam
Rajahmundry to Vijayawada,https://www.redbus.in/bus-tickets/rajahmundry-to-vijayawada
Hyderabad to Kurnool,https://www.redbus.in/bus-tickets/hyderabad-to-kurnool
Bangalore to Chittoor (Andhra Pradesh),https://www.redbus.in/bus-tickets/bangalore-to-chittoor-andhra-pradesh
Kurnool to Hyderabad,https://www.redbus.in/bus-tickets/kurnool-to-hyderabad
Visakhapatnam to Rajahmundry,https://www.redbus.in/bus-tickets/visakhapatnam-to-rajahmundry
Rayachoti to Bangalore,https://www.redbus.in/bus-tickets/rayachoti-to-bangalore
Vinukonda to Hyderabad,https://www.redbus.in/bus-tickets/vinukonda-to-hyderabad
Bangalore to Anantapur (andhra pradesh),https://www.redbus.in/bus-tickets/bangalore-to-ananthapur
Amalapuram to Visakhapatnam,https://www.redbus.in/bus-tickets/amalapuram-to-visakhapatnam
Vijayawada to Tirupati,https://www.redbus.in/bus-tickets/vijayawada-to-tirupathi
Madanapalli to Bangalore,https://www.redbus.in/bus-tickets/madanapalli-to-bangalore
Narasaraopet to Hyderabad,https://www.redbus.in/bus-tickets/narsaraopet-to-hyderabad
Eluru to Hyderabad,https://www.redbus.in/bus-tickets/eluru-to-hyderabad
Visakhapatnam to Amalapuram,https://www.redbus.in/bus-tickets/visakhapatnam-to-amalapuram
Kadiri to Bangalore,https://www.redbus.in/bus-tickets/kadiri-to-bangalore
Chennai to Tirupati,https://www.redbus.in/bus-tickets/chennai-to-tirupathi
Rajahmundry to Hyderabad,https://www.redbus.in/bus-tickets/rajahmundry-to-hyderabad
Kurnool to Vijayawada,https://www.redbus.in/bus-tickets/kurnool-to-vijayawada
Vijayawada to Kurnool,https://www.redbus.in/bus-tickets/vijayawada-to-kurnool
Kakinada to Vijayawada,https://www.redbus.in/bus-tickets/kakinada-to-vijayawada
Bangalore to Madanapalli,https://www.redbus.in/bus-tickets/bangalore-to-madanapalli
Nellore to Bangalore,https://www.redbus.in/bus-tickets/nellore-to-bangalore
