Bus_name,Bus_type,Start_time,End_time,Total_duration,Price,Seats_Available,Ratings,Route_link,Route_name
Kadamba Transport Corporation Limited (KTCL) - 89821,A/C Sleeper (2+1),19:15,05:50,10h 35m,INR 1000,8 Seats available,"3.7
338",https://www.redbus.in/bus-tickets/pune-to-goa,Pune to Goa
Ashray Travels,Bharat Benz A/C Sleeper (2+1),21:00,08:30,11h 30m,INR 699,15 Seats available,"4.5
549",https://www.redbus.in/bus-tickets/pune-to-goa,Pune to Goa
Atmaram Gobus,VE A/C Sleeper (2+1),22:30,08:45,10h 15m,INR 950,10 Seats available,"4.5
479",https://www.redbus.in/bus-tickets/pune-to-goa,Pune to Goa
AdIntrCity SmartBus,Bharat Benz A/C Sleeper (2+1),22:25,09:05,10h 40m,INR 764,18 Seats available,"3.8
26",https://www.redbus.in/bus-tickets/pune-to-goa,Pune to Goa
Ashray Amrutyog,A/C Sleeper (2+1),22:00,09:30,11h 30m,INR 900,15 Seats available,"4.4
571",https://www.redbus.in/bus-tickets/pune-to-goa,Pune to Goa
Zingbus Plus,VE A/C Sleeper (2+1),23:55,11:10,11h 15m,577,28 Seats available,"4.4
346",https://www.redbus.in/bus-tickets/pune-to-goa,Pune to Goa
Ashray Vip Yellows,A/C Sleeper (2+1),20:30,08:00,11h 30m,INR 720,22 Seats available,"4.2
521",https://www.redbus.in/bus-tickets/pune-to-goa,Pune to Goa
AdIntrCity SmartBus,Bharat Benz A/C Sleeper (2+1),22:30,08:45,10h 15m,INR 764,21 Seats available,"4.3
182",https://www.redbus.in/bus-tickets/pune-to-goa,Pune to Goa
Gogte Travels (Shreyash),NON A/C Sleeper (2+1),19:30,06:30,11h 00m,449,3 Seats available,"3.6
243",https://www.redbus.in/bus-tickets/pune-to-goa,Pune to Goa
Zingbus Plus,Bharat Benz A/C Sleeper (2+1),23:00,10:00,11h 00m,607,15 Seats available,"4.2
360",https://www.redbus.in/bus-tickets/pune-to-goa,Pune to Goa
Kadamba Transport Corporation Limited (KTCL) - 6239,Volvo AC Seater 2+2,18:00,05:00,11h 00m,INR 800,28 Seats available,"3.9
148",https://www.redbus.in/bus-tickets/goa-to-pune,Goa to Pune
Atmaram Gobus,VE A/C Sleeper (2+1),22:30,09:10,10h 40m,INR 601,13 Seats available,"4.6
577",https://www.redbus.in/bus-tickets/goa-to-pune,Goa to Pune
Ashray Travels,Bharat Benz A/C Sleeper (2+1),22:30,10:00,11h 30m,INR 599,21 Seats available,"4.5
561",https://www.redbus.in/bus-tickets/goa-to-pune,Goa to Pune
AdIndumati Travels,A/C Sleeper (2+1),21:00,07:00,10h 00m,523,26 Seats available,"3.9
376",https://www.redbus.in/bus-tickets/goa-to-pune,Goa to Pune
Ashray Travels,Non A/C Seater / Sleeper (2+1),20:00,06:30,10h 30m,INR 349,39 Seats available,"4.5
341",https://www.redbus.in/bus-tickets/goa-to-pune,Goa to Pune
IntrCity SmartBus,Bharat Benz A/C Sleeper (2+1),21:30,07:30,10h 00m,INR 562,16 Seats available,"4.4
538",https://www.redbus.in/bus-tickets/goa-to-pune,Goa to Pune
IntrCity SmartBus,AC Sleeper (2+1),18:30,05:25,10h 55m,INR 603,18 Seats available,"4.4
298",https://www.redbus.in/bus-tickets/goa-to-pune,Goa to Pune
Rajdhani Travels Corporation,VE A/C Sleeper (2+1),18:00,06:10,12h 10m,INR 699,17 Seats available,"4.5
122",https://www.redbus.in/bus-tickets/goa-to-pune,Goa to Pune
IntrCity SmartBus,AC Sleeper (2+1),21:00,07:05,10h 05m,INR 603,27 Seats available,"4.3
301",https://www.redbus.in/bus-tickets/goa-to-pune,Goa to Pune
Zingbus Plus,Bharat Benz A/C Sleeper (2+1),18:10,05:20,11h 10m,599,23 Seats available,"4.2
349",https://www.redbus.in/bus-tickets/goa-to-pune,Goa to Pune
Kadamba Transport Corporation Limited (KTCL) - 97386,Volvo AC Seater Pushback 2+2,17:05,06:00,12h 55m,INR 800,19 Seats available,"3.7
350",https://www.redbus.in/bus-tickets/mumbai-to-goa,Mumbai to Goa
Zingbus Plus,VE A/C Sleeper (2+1),20:00,13:10,17h 10m,657,13 Seats available,"4.5
446",https://www.redbus.in/bus-tickets/mumbai-to-goa,Mumbai to Goa
Zingbus Plus,VE A/C Sleeper (2+1),18:00,11:10,17h 10m,604,28 Seats available,"4.5
350",https://www.redbus.in/bus-tickets/mumbai-to-goa,Mumbai to Goa
AdJolly Tours and Travels,VE A/C Sleeper (2+1),18:35,07:05,12h 30m,1080,11 Seats available,"4.1
214",https://www.redbus.in/bus-tickets/mumbai-to-goa,Mumbai to Goa
IntrCity SmartBus,AC Sleeper (2+1),17:00,09:10,16h 10m,INR 699,20 Seats available,"4.4
480",https://www.redbus.in/bus-tickets/mumbai-to-goa,Mumbai to Goa
IntrCity SmartBus,AC Sleeper (2+1),16:00,08:20,16h 20m,INR 699,15 Seats available,"4.4
410",https://www.redbus.in/bus-tickets/mumbai-to-goa,Mumbai to Goa
Zingbus Plus,Bharat Benz A/C Sleeper (2+1),17:00,10:00,17h 00m,627,14 Seats available,"4.3
726",https://www.redbus.in/bus-tickets/mumbai-to-goa,Mumbai to Goa
AdNaik Tours And Travels,NON A/C Sleeper (2+1),14:25,06:45,40h 20m,INR 650,22 Seats available,"3.9
23",https://www.redbus.in/bus-tickets/mumbai-to-goa,Mumbai to Goa
IntrCity SmartBus,AC Sleeper (2+1),19:35,09:50,14h 15m,INR 674,18 Seats available,"4.4
358",https://www.redbus.in/bus-tickets/mumbai-to-goa,Mumbai to Goa
Atmaram Travels,A/C Sleeper (2+1),17:00,08:00,15h 00m,630,14 Seats available,"3.4
10",https://www.redbus.in/bus-tickets/mumbai-to-goa,Mumbai to Goa
Kadamba Transport Corporation Limited (KTCL) - 116186,Volvo AC Seater 2+2,18:30,08:00,13h 30m,INR 800,27 Seats available,"3.9
222",https://www.redbus.in/bus-tickets/goa-to-mumbai,Goa to Mumbai
Zingbus Plus,VE A/C Sleeper (2+1),19:40,10:45,15h 05m,605,13 Seats available,"4.5
629",https://www.redbus.in/bus-tickets/goa-to-mumbai,Goa to Mumbai
Zingbus Plus,Bharat Benz A/C Sleeper (2+1),18:10,09:05,14h 55m,538,23 Seats available,"4.4
741",https://www.redbus.in/bus-tickets/goa-to-mumbai,Goa to Mumbai
AdNaik Tours And Travels,NON A/C Sleeper (2+1),16:20,06:45,14h 25m,499,18 Seats available,"4.5
36",https://www.redbus.in/bus-tickets/goa-to-mumbai,Goa to Mumbai
IntrCity SmartBus,AC Sleeper (2+1),19:30,09:40,14h 10m,INR 603,23 Seats available,"4.4
404",https://www.redbus.in/bus-tickets/goa-to-mumbai,Goa to Mumbai
Rajdhani Travels Corporation,VE A/C Sleeper (2+1),19:30,08:10,12h 40m,INR 699,17 Seats available,"4.3
286",https://www.redbus.in/bus-tickets/goa-to-mumbai,Goa to Mumbai
IntrCity SmartBus,AC Sleeper (2+1),18:30,09:00,14h 30m,INR 603,18 Seats available,"4.2
439",https://www.redbus.in/bus-tickets/goa-to-mumbai,Goa to Mumbai
AdIntrCity SmartBus,AC Sleeper (2+1),18:20,08:50,14h 30m,INR 603,18 Seats available,"4.0
11",https://www.redbus.in/bus-tickets/goa-to-mumbai,Goa to Mumbai
Anand Travels,NON A/C Sleeper (2+1),19:30,07:30,12h 00m,504,9 Seats available,"3.0
267",https://www.redbus.in/bus-tickets/goa-to-mumbai,Goa to Mumbai
IntrCity SmartBus,AC Sleeper (2+1),21:00,11:20,14h 20m,INR 603,27 Seats available,"4.2
356",https://www.redbus.in/bus-tickets/goa-to-mumbai,Goa to Mumbai
Kadamba Transport Corporation Limited (KTCL) - 61005,Non AC Seater 2+2,21:15,10:00,12h 45m,INR 735,37 Seats available,"3.2
106",https://www.redbus.in/bus-tickets/pandharpur-to-goa,Pandharpur to Goa
SR Tours & Travels,A/C Sleeper (2+1),19:45,05:30,09h 45m,990,28 Seats available,2.2,https://www.redbus.in/bus-tickets/pandharpur-to-goa,Pandharpur to Goa
Kadamba Transport Corporation Limited (KTCL) - 141293,Volvo AC Seater 2+2,19:45,08:15,12h 30m,INR 800,28 Seats available,"4.0
261",https://www.redbus.in/bus-tickets/bangalore-to-goa,Bangalore to Goa
Sunrise Tours and Travels,A/C Sleeper (2+1),21:20,10:15,12h 55m,INR 1299,1 Seat available,"4.5
405",https://www.redbus.in/bus-tickets/bangalore-to-goa,Bangalore to Goa
Intercity travels,Bharat Benz A/C Sleeper (2+1),21:00,10:15,13h 15m,1399,18 Seats available,"4.3
526",https://www.redbus.in/bus-tickets/bangalore-to-goa,Bangalore to Goa
AdSunrise Tours and Travels,A/C Sleeper (2+1),20:15,08:45,12h 30m,INR 1299,13 Seats available,"4.5
104",https://www.redbus.in/bus-tickets/bangalore-to-goa,Bangalore to Goa
Streamline tours and travels,A/C Sleeper (2+1),21:15,10:15,13h 00m,INR 1110,18 Seats available,"4.3
439",https://www.redbus.in/bus-tickets/bangalore-to-goa,Bangalore to Goa
IntrCity SmartBus,AC Sleeper (2+1),20:30,10:40,14h 10m,INR 1177,19 Seats available,"4.3
313",https://www.redbus.in/bus-tickets/bangalore-to-goa,Bangalore to Goa
Streamline tours and travels,A/C Sleeper (2+1),22:20,11:15,12h 55m,INR 1130,15 Seats available,"3.9
369",https://www.redbus.in/bus-tickets/bangalore-to-goa,Bangalore to Goa
AdIntrCity SmartBus,AC Sleeper (2+1),21:30,11:20,13h 50m,INR 999,25 Seats available,"3.5
62",https://www.redbus.in/bus-tickets/bangalore-to-goa,Bangalore to Goa
Sea Bird Tourist,NON A/C Sleeper (2+1),18:00,07:00,13h 00m,INR 700,11 Seats available,"3.3
290",https://www.redbus.in/bus-tickets/bangalore-to-goa,Bangalore to Goa
Sea Bird Tourist,NON A/C Sleeper (2+1),20:30,10:00,13h 30m,INR 700,21 Seats available,"3.2
211",https://www.redbus.in/bus-tickets/bangalore-to-goa,Bangalore to Goa
Kadamba Transport Corporation Limited (KTCL) - 60996,Non AC Seater 2+2,19:00,07:00,12h 00m,INR 735,34 Seats available,"3.3
120",https://www.redbus.in/bus-tickets/goa-to-pandharpur,Goa to Pandharpur
SR Tours & Travels,A/C Sleeper (2+1),19:00,05:20,10h 20m,990,20 Seats available,2.2,https://www.redbus.in/bus-tickets/goa-to-pandharpur,Goa to Pandharpur
S R Travels,NON A/C Sleeper (2+1),01:00,06:00,05h 00m,INR 799,11 Seats available,"1.5
17",https://www.redbus.in/bus-tickets/belagavi-to-goa,Belagavi to Goa
Kadamba Transport Corporation Limited (KTCL) - 5633,Volvo AC Seater 2+2,18:30,08:30,14h 00m,INR 800,25 Seats available,"3.9
226",https://www.redbus.in/bus-tickets/goa-to-bangalore,Goa to Bangalore
Intercity travels,Bharat Benz A/C Sleeper (2+1),18:00,07:15,13h 15m,1099,18 Seats available,"4.6
576",https://www.redbus.in/bus-tickets/goa-to-bangalore,Goa to Bangalore
Sunrise Tours and Travels,A/C Sleeper (2+1),18:30,07:10,12h 40m,INR 999,18 Seats available,"4.3
466",https://www.redbus.in/bus-tickets/goa-to-bangalore,Goa to Bangalore
AdSunrise Tours and Travels,A/C Sleeper (2+1),18:00,06:35,12h 35m,INR 999,15 Seats available,"4.3
78",https://www.redbus.in/bus-tickets/goa-to-bangalore,Goa to Bangalore
IntrCity SmartBus,AC Sleeper (2+1),19:00,08:35,13h 35m,INR 1056,5 Seats available,"4.2
339",https://www.redbus.in/bus-tickets/goa-to-bangalore,Goa to Bangalore
Streamline tours and travels,A/C Sleeper (2+1),19:00,07:30,12h 30m,INR 999,27 Seats available,"3.8
444",https://www.redbus.in/bus-tickets/goa-to-bangalore,Goa to Bangalore
Streamline tours and travels,A/C Sleeper (2+1),18:00,06:30,12h 30m,INR 999,25 Seats available,"4.1
407",https://www.redbus.in/bus-tickets/goa-to-bangalore,Goa to Bangalore
Sea Bird Tourist,A/C Sleeper (2+1),20:30,09:30,13h 00m,INR 1000,23 Seats available,"3.5
278",https://www.redbus.in/bus-tickets/goa-to-bangalore,Goa to Bangalore
Sugama Tourist,NON A/C Sleeper (2+1),19:45,07:45,12h 00m,INR 900,18 Seats available,"3.5
65",https://www.redbus.in/bus-tickets/goa-to-bangalore,Goa to Bangalore
Sri Sai Logistics,A/C Sleeper (2+1),17:30,06:30,13h 00m,INR 3000,4 Seats available,"3.7
132",https://www.redbus.in/bus-tickets/goa-to-bangalore,Goa to Bangalore
Kadamba Transport Corporation Limited (KTCL) - 61005,Non AC Seater 2+2,20:00,10:00,14h 00m,INR 850,37 Seats available,"3.4
92",https://www.redbus.in/bus-tickets/solapur-to-goa,Solapur to Goa
Humsafar Travels,Bharat Benz A/C Sleeper (2+1),23:15,08:00,08h 45m,INR 1250,25 Seats available,"3.0
73",https://www.redbus.in/bus-tickets/solapur-to-goa,Solapur to Goa
S R Travels,A/C Seater/Sleeper (2+1),18:45,07:00,12h 15m,INR 600,29 Seats available,"2.8
71",https://www.redbus.in/bus-tickets/solapur-to-goa,Solapur to Goa
Sharma Travels,AC Sleeper (2+1),23:01,09:01,10h 00m,INR 1333,11 Seats available,"3.9
8",https://www.redbus.in/bus-tickets/solapur-to-goa,Solapur to Goa
SR Tours & Travels,A/C Sleeper (2+1),18:10,05:30,11h 20m,1080,28 Seats available,2.2,https://www.redbus.in/bus-tickets/solapur-to-goa,Solapur to Goa
Kadamba Transport Corporation Limited (KTCL) - 60996,Non AC Seater 2+2,19:00,02:30,07h 30m,INR 420,34 Seats available,"3.7
42",https://www.redbus.in/bus-tickets/goa-to-kolhapur-maharashtra,Goa to Kolhapur(Maharashtra)
Atmaram Travels (Dolphin),A/C Sleeper (2+1),14:00,20:30,06h 30m,INR 650,17 Seats available,"4.0
16",https://www.redbus.in/bus-tickets/goa-to-kolhapur-maharashtra,Goa to Kolhapur(Maharashtra)
Atmaram Travels (Dolphin),A/C Sleeper (2+1),15:30,21:45,06h 15m,INR 650,19 Seats available,"4.6
16",https://www.redbus.in/bus-tickets/goa-to-kolhapur-maharashtra,Goa to Kolhapur(Maharashtra)
Atmaram Travels (Dolphin),A/C Sleeper (2+1),16:30,23:00,06h 30m,INR 599,31 Seats available,"3.0
6",https://www.redbus.in/bus-tickets/goa-to-kolhapur-maharashtra,Goa to Kolhapur(Maharashtra)
Atmaram Travels (Dolphin),A/C Sleeper (2+1),17:30,23:40,06h 10m,INR 599,27 Seats available,"3.3
19",https://www.redbus.in/bus-tickets/goa-to-kolhapur-maharashtra,Goa to Kolhapur(Maharashtra)
Zingbus Plus,VE A/C Sleeper (2+1),19:40,01:45,06h 05m,520,20 Seats available,"4.9
23",https://www.redbus.in/bus-tickets/goa-to-kolhapur-maharashtra,Goa to Kolhapur(Maharashtra)
Amrutyog Travels,A/C Sleeper (2+1),19:00,02:30,07h 30m,INR 333,31 Seats available,"4.5
10",https://www.redbus.in/bus-tickets/goa-to-kolhapur-maharashtra,Goa to Kolhapur(Maharashtra)
Atmaram Travels(GTA),A/C Sleeper (2+1),19:00,01:45,06h 45m,INR 525,25 Seats available,"3.3
5",https://www.redbus.in/bus-tickets/goa-to-kolhapur-maharashtra,Goa to Kolhapur(Maharashtra)
PSR Travels Goa,A/C Sleeper (2+1),19:15,01:15,06h 00m,INR 699,15 Seats available,3.7,https://www.redbus.in/bus-tickets/goa-to-kolhapur-maharashtra,Goa to Kolhapur(Maharashtra)
Zingbus Plus,Bharat Benz A/C Sleeper (2+1),18:10,00:15,06h 05m,568,20 Seats available,"4.5
39",https://www.redbus.in/bus-tickets/goa-to-kolhapur-maharashtra,Goa to Kolhapur(Maharashtra)
Laxmi Empress Stellar,NON A/C Sleeper (2+1),19:45,01:45,06h 00m,INR 650,19 Seats available,3.8,https://www.redbus.in/bus-tickets/goa-to-kolhapur-maharashtra,Goa to Kolhapur(Maharashtra)
Ashray Travels,Non A/C Seater / Sleeper (2+1),20:00,01:30,05h 30m,INR 349,41 Seats available,"3.7
23",https://www.redbus.in/bus-tickets/goa-to-kolhapur-maharashtra,Goa to Kolhapur(Maharashtra)
Vaibhav Travels,A/C Sleeper (2+1),20:00,06:12,10h 12m,INR 500,26 Seats available,"3.8
207",https://www.redbus.in/bus-tickets/goa-to-kolhapur-maharashtra,Goa to Kolhapur(Maharashtra)
Atmaram Travels (Shreyas),Bharat Benz A/C Sleeper (2+1),20:03,02:03,06h 00m,INR 500,15 Seats available,4.0,https://www.redbus.in/bus-tickets/goa-to-kolhapur-maharashtra,Goa to Kolhapur(Maharashtra)
Zingbus Plus,VE A/C Sleeper (2+1),21:05,02:45,05h 40m,534,21 Seats available,"4.8
15",https://www.redbus.in/bus-tickets/goa-to-kolhapur-maharashtra,Goa to Kolhapur(Maharashtra)
Kadamba Transport Corporation Limited (KTCL) - 60996,Non AC Seater 2+2,19:00,08:30,13h 30m,INR 850,33 Seats available,"2.9
110",https://www.redbus.in/bus-tickets/goa-to-solapur,Goa to Solapur
Humsafar Travels,Bharat Benz A/C Sleeper (2+1),19:00,04:30,09h 30m,INR 1150,21 Seats available,"3.7
65",https://www.redbus.in/bus-tickets/goa-to-solapur,Goa to Solapur
S R Travels,A/C Seater/Sleeper (2+1),20:30,07:30,11h 00m,INR 600,33 Seats available,"2.2
91",https://www.redbus.in/bus-tickets/goa-to-solapur,Goa to Solapur
SR Tours & Travels,A/C Sleeper (2+1),19:00,06:50,11h 50m,990,20 Seats available,2.2,https://www.redbus.in/bus-tickets/goa-to-solapur,Goa to Solapur
Kadamba Transport Corporation Limited (KTCL) - 60996,Non AC Seater 2+2,19:00,06:05,11h 05m,INR 675,34 Seats available,"3.2
46",https://www.redbus.in/bus-tickets/goa-to-sangola,Goa to Sangola (Solapur)
Humsafar Travels,Bharat Benz A/C Sleeper (2+1),19:00,02:00,07h 00m,INR 1150,22 Seats available,"3.1
4",https://www.redbus.in/bus-tickets/goa-to-sangola,Goa to Sangola (Solapur)
SR Tours & Travels,A/C Sleeper (2+1),19:00,04:50,09h 50m,990,20 Seats available,2.2,https://www.redbus.in/bus-tickets/goa-to-sangola,Goa to Sangola (Solapur)
Kadamba Transport Corporation Limited (KTCL) - 61005,Non AC Seater 2+2,21:45,10:00,12h 15m,INR 675,37 Seats available,"2.5
33",https://www.redbus.in/bus-tickets/sangola-to-goa,Sangola (Solapur) to Goa
SR Tours & Travels,A/C Sleeper (2+1),20:30,05:30,09h 00m,990,30 Seats available,2.2,https://www.redbus.in/bus-tickets/sangola-to-goa,Sangola (Solapur) to Goa
Kadamba Transport Corporation Limited (KTCL) - 78627,Volvo AC Seater 2+2,13:30,15:15,01h 45m,INR 200,34 Seats available,"3.8
19",https://www.redbus.in/bus-tickets/calangute-goa-to-goa-airport,Calangute (goa) to Goa Airport
Kadamba Transport Corporation Limited (KTCL) - 99718,AC Seater (2+2),15:30,17:15,01h 45m,INR 200,40 Seats available,"3.8
22",https://www.redbus.in/bus-tickets/calangute-goa-to-goa-airport,Calangute (goa) to Goa Airport
Kadamba Transport Corporation Limited (KTCL) - 99719,AC Seater (2+2),18:30,20:00,01h 30m,INR 200,42 Seats available,"4.9
23",https://www.redbus.in/bus-tickets/calangute-goa-to-goa-airport,Calangute (goa) to Goa Airport
Kadamba Transport Corporation Limited (KTCL) - 60996,Non AC Seater 2+2,19:00,04:00,09h 00m,INR 490,34 Seats available,"3.1
33",https://www.redbus.in/bus-tickets/goa-to-sangli,Goa to Sangli
Humsafar Travels,Bharat Benz A/C Sleeper (2+1),19:00,01:30,06h 30m,INR 1150,22 Seats available,3.9,https://www.redbus.in/bus-tickets/goa-to-sangli,Goa to Sangli
Vaibhav Travels,A/C Sleeper (2+1),20:00,05:40,09h 40m,INR 500,27 Seats available,"3.5
275",https://www.redbus.in/bus-tickets/goa-to-sangli,Goa to Sangli
SR Tours & Travels,A/C Sleeper (2+1),19:00,04:00,09h 00m,540,20 Seats available,2.2,https://www.redbus.in/bus-tickets/goa-to-sangli,Goa to Sangli
Kadamba Transport Corporation Limited (KTCL) - 160438,A/C Seater (2+3),13:30,14:40,01h 10m,INR 200,47 Seats available,4.1,https://www.redbus.in/bus-tickets/mopa-airport-to-calangute-goa,Mopa Airport to Calangute (goa)
Kadamba Transport Corporation Limited (KTCL) - 160437,A/C Seater (2+3),17:30,18:40,01h 10m,INR 200,47 Seats available,"4.3
13",https://www.redbus.in/bus-tickets/mopa-airport-to-calangute-goa,Mopa Airport to Calangute (goa)
Kadamba Transport Corporation Limited (KTCL) - 60996,Non AC Seater 2+2,19:00,04:30,09h 30m,INR 505,34 Seats available,"2.5
13",https://www.redbus.in/bus-tickets/goa-to-miraj,Goa to Miraj
Vaibhav Travels,A/C Sleeper (2+1),20:00,05:42,09h 42m,INR 500,27 Seats available,"3.7
136",https://www.redbus.in/bus-tickets/goa-to-miraj,Goa to Miraj
Humsafar Travels,Bharat Benz A/C Sleeper (2+1),19:00,01:30,06h 30m,INR 1150,22 Seats available,"2.6
4",https://www.redbus.in/bus-tickets/goa-to-miraj,Goa to Miraj
SR Tours & Travels,A/C Sleeper (2+1),19:00,03:50,08h 50m,540,20 Seats available,2.2,https://www.redbus.in/bus-tickets/goa-to-miraj,Goa to Miraj
Kadamba Transport Corporation Limited (KTCL) - 99707,AC Seater (2+2),13:45,15:30,01h 45m,INR 200,40 Seats available,"3.8
4",https://www.redbus.in/bus-tickets/goa-airport-to-calangute-goa,Goa Airport to Calangute (goa)
Kadamba Transport Corporation Limited (KTCL) - 99710,AC Seater (2+2),16:00,17:30,01h 30m,INR 200,42 Seats available,"4.4
11",https://www.redbus.in/bus-tickets/goa-airport-to-calangute-goa,Goa Airport to Calangute (goa)
Sea Bird Tourist,NON A/C Sleeper (2+1),23:45,08:00,08h 15m,INR 750,24 Seats available,"3.8
21",https://www.redbus.in/bus-tickets/shimoga-to-goa,Shivamogga to Goa
Kadamba Transport Corporation Limited (KTCL) - 159065,A/C Seater (2+3),12:30,13:00,00h 30m,INR 150,47 Seats available,"3.0
10",https://www.redbus.in/bus-tickets/goa-to-mopa-airport,Goa to Mopa Airport
Kadamba Transport Corporation Limited (KTCL) - 158948,A/C Seater (2+3),14:00,14:30,00h 30m,INR 150,47 Seats available,"3.4
15",https://www.redbus.in/bus-tickets/goa-to-mopa-airport,Goa to Mopa Airport
Kadamba Transport Corporation Limited (KTCL) - 158967,A/C Seater (2+3),15:00,17:00,02h 00m,INR 400,48 Seats available,"4.7
8",https://www.redbus.in/bus-tickets/goa-to-mopa-airport,Goa to Mopa Airport
Kadamba Transport Corporation Limited (KTCL) - 158967,A/C Seater (2+3),15:55,17:00,01h 05m,INR 200,48 Seats available,"3.5
8",https://www.redbus.in/bus-tickets/goa-to-mopa-airport,Goa to Mopa Airport
Atmaram Gobus,VE A/C Sleeper (2+1),22:30,06:10,07h 40m,INR 601,13 Seats available,"4.8
33",https://www.redbus.in/bus-tickets/goa-to-satara,Goa to Satara
IntrCity SmartBus,Bharat Benz A/C Sleeper (2+1),21:30,05:25,07h 55m,INR 750,16 Seats available,"4.8
29",https://www.redbus.in/bus-tickets/goa-to-satara,Goa to Satara
Ashray Travels,Bharat Benz A/C Sleeper (2+1),22:30,08:00,09h 30m,INR 599,21 Seats available,"4.6
25",https://www.redbus.in/bus-tickets/goa-to-satara,Goa to Satara
Ashray Grand,Volvo Multi-Axle A/C Sleeper (2+1),22:00,07:30,09h 30m,INR 850,22 Seats available,"4.3
24",https://www.redbus.in/bus-tickets/goa-to-satara,Goa to Satara
Atmaram Gobus,NON A/C Sleeper (2+1),21:02,06:17,09h 15m,INR 450,23 Seats available,"4.5
9",https://www.redbus.in/bus-tickets/goa-to-satara,Goa to Satara
Atmaram Gobus,NON A/C Sleeper (2+1),20:01,05:41,09h 40m,INR 499,18 Seats available,"4.4
8",https://www.redbus.in/bus-tickets/goa-to-satara,Goa to Satara
Laxmi Queen Prime,A/C Sleeper (2+1),19:30,05:00,09h 30m,INR 750,17 Seats available,"4.6
6",https://www.redbus.in/bus-tickets/goa-to-satara,Goa to Satara
Zingbus Plus,VE A/C Sleeper (2+1),21:05,05:20,08h 15m,534,21 Seats available,"4.8
5",https://www.redbus.in/bus-tickets/goa-to-satara,Goa to Satara
Atmaram Travels (Shreyas),NON A/C Sleeper (2+1),20:30,05:00,08h 30m,INR 450,18 Seats available,"3.8
13",https://www.redbus.in/bus-tickets/goa-to-satara,Goa to Satara
Amrutyog Travels,A/C Sleeper (2+1),19:00,05:00,10h 00m,INR 333,31 Seats available,"4.2
7",https://www.redbus.in/bus-tickets/goa-to-satara,Goa to Satara
Kadamba Transport Corporation Limited (KTCL) - 160438,A/C Seater (2+3),13:30,14:00,00h 30m,INR 150,47 Seats available,3.7,https://www.redbus.in/bus-tickets/mopa-airport-to-goa,Mopa Airport to Goa
Kadamba Transport Corporation Limited (KTCL) - 159015,A/C Seater (2+3),16:00,18:00,02h 00m,INR 400,47 Seats available,4.9,https://www.redbus.in/bus-tickets/mopa-airport-to-goa,Mopa Airport to Goa
Kadamba Transport Corporation Limited (KTCL) - 159015,A/C Seater (2+3),16:00,16:25,00h 25m,INR 150,47 Seats available,3.7,https://www.redbus.in/bus-tickets/mopa-airport-to-goa,Mopa Airport to Goa
Kadamba Transport Corporation Limited (KTCL) - 160437,A/C Seater (2+3),17:30,18:00,00h 30m,INR 150,47 Seats available,3.7,https://www.redbus.in/bus-tickets/mopa-airport-to-goa,Mopa Airport to Goa
PSR Travels Goa,A/C Sleeper (2+1),18:00,09:00,15h 00m,INR 1299,20 Seats available,"3.7
110",https://www.redbus.in/bus-tickets/shirdi-to-goa,Shirdi to Goa
Humsafar Travels,A/C Sleeper (2+1),14:30,09:30,19h 00m,INR 1250,18 Seats available,"3.2
45",https://www.redbus.in/bus-tickets/shirdi-to-goa,Shirdi to Goa
Humsafar Travels,Bharat Benz A/C Sleeper (2+1),15:00,08:00,17h 00m,INR 1250,25 Seats available,"2.5
19",https://www.redbus.in/bus-tickets/shirdi-to-goa,Shirdi to Goa
Humsafar Travels,A/C Sleeper (2+1),14:30,09:15,18h 45m,INR 1250,16 Seats available,3.9,https://www.redbus.in/bus-tickets/shirdi-to-goa,Shirdi to Goa
Kadamba Transport Corporation Limited (KTCL) - 8355,Non AC Seater 2+2,15:00,01:03,10h 03m,INR 450,35 Seats available,"1.5
4",https://www.redbus.in/bus-tickets/goa-to-shimoga,Goa to Shivamogga
Sea Bird Tourist,NON A/C Sleeper (2+1),17:30,02:30,09h 00m,INR 750,27 Seats available,"4.5
11",https://www.redbus.in/bus-tickets/goa-to-shimoga,Goa to Shivamogga
Kadamba Transport Corporation Limited (KTCL) - 6239,Volvo AC Seater 2+2,18:00,09:00,15h 00m,INR 1200,28 Seats available,"4.1
21",https://www.redbus.in/bus-tickets/goa-to-shirdi,Goa to Shirdi
PSR Travels Goa,A/C Sleeper (2+1),19:15,10:00,14h 45m,INR 1199,16 Seats available,"3.8
103",https://www.redbus.in/bus-tickets/goa-to-shirdi,Goa to Shirdi
Humsafar Travels,Bharat Benz A/C Sleeper (2+1),19:00,11:00,16h 00m,INR 1250,7 Seats available,"1.6
29",https://www.redbus.in/bus-tickets/goa-to-shirdi,Goa to Shirdi
