Route_name,Route_link
Delhi to Shimla,https://www.redbus.in/bus-tickets/delhi-to-shimla
Shimla to Delhi,https://www.redbus.in/bus-tickets/shimla-to-delhi
Manali to Chandigarh,https://www.redbus.in/bus-tickets/manali-to-chandigarh
Chandigarh to Manali,https://www.redbus.in/bus-tickets/chandigarh-to-manali
Delhi to Manali,https://www.redbus.in/bus-tickets/delhi-to-manali
Hamirpur (Himachal Pradesh) to Chandigarh,https://www.redbus.in/bus-tickets/hamirpur-himachal-pradesh-to-chandigarh
Delhi to Hamirpur (Himachal Pradesh),https://www.redbus.in/bus-tickets/delhi-to-hamirpur-himachal-pradesh
Delhi to Chandigarh,https://www.redbus.in/bus-tickets/delhi-to-chandigarh
Manali to Delhi,https://www.redbus.in/bus-tickets/manali-to-delhi
Hamirpur (Himachal Pradesh) to Delhi,https://www.redbus.in/bus-tickets/hamirpur-himachal-pradesh-to-delhi
Chandigarh to Hamirpur (Himachal Pradesh),https://www.redbus.in/bus-tickets/chandigarh-to-hamirpur-himachal-pradesh
Shimla to Manali,https://www.redbus.in/bus-tickets/shimla-to-manali
Delhi to Dharamshala (Himachal Pradesh),https://www.redbus.in/bus-tickets/delhi-to-dharamshala
Shimla to Chandigarh,https://www.redbus.in/bus-tickets/shimla-to-chandigarh
Chandigarh to Dharamshala (Himachal Pradesh),https://www.redbus.in/bus-tickets/chandigarh-to-dharamshala
Delhi to Baddi (Himachal Pradesh),https://www.redbus.in/bus-tickets/delhi-to-baddi-himachal-pradesh
Dharamshala (Himachal Pradesh) to Chandigarh,https://www.redbus.in/bus-tickets/dharamshala-to-chandigarh
Chamba (Himachal Pradesh) to Chandigarh,https://www.redbus.in/bus-tickets/chamba-himachal-pradesh-to-chandigarh
Delhi to Dalhousie,https://www.redbus.in/bus-tickets/delhi-to-dalhousie
Delhi to Chamba (Himachal Pradesh),https://www.redbus.in/bus-tickets/delhi-to-chamba-himachal-pradesh
Dalhousie to Delhi,https://www.redbus.in/bus-tickets/dalhousie-to-delhi
Solan to Delhi,https://www.redbus.in/bus-tickets/solan-to-delhi
Delhi to Palampur,https://www.redbus.in/bus-tickets/delhi-to-palampur
Dharamshala (Himachal Pradesh) to Delhi,https://www.redbus.in/bus-tickets/dharamshala-to-delhi
Delhi to Solan,https://www.redbus.in/bus-tickets/delhi-to-solan
Chandigarh to Reckong Peo (Himachal Pradesh),https://www.redbus.in/bus-tickets/chandigarh-to-reckong-peo-himachal-pradesh
Manali to Shimla,https://www.redbus.in/bus-tickets/manali-to-shimla
Palampur to Delhi,https://www.redbus.in/bus-tickets/palampur-to-delhi
Chandigarh to Kullu,https://www.redbus.in/bus-tickets/chandigarh-to-kullu
Kangra to Chandigarh,https://www.redbus.in/bus-tickets/kangra-to-chandigarh
Kullu to Chandigarh,https://www.redbus.in/bus-tickets/kullu-to-chandigarh
Delhi to Kangra,https://www.redbus.in/bus-tickets/delhi-to-kangra
Chamba (Himachal Pradesh) to Delhi,https://www.redbus.in/bus-tickets/chamba-himachal-pradesh-to-delhi
Palampur to Chandigarh,https://www.redbus.in/bus-tickets/palampur-to-chandigarh
Chandigarh to Shimla,https://www.redbus.in/bus-tickets/chandigarh-to-shimla
Chandigarh to Kangra,https://www.redbus.in/bus-tickets/chandigarh-to-kangra
Delhi to Nalagarh,https://www.redbus.in/bus-tickets/delhi-to-nalagarh
Baddi (Himachal Pradesh) to Delhi,https://www.redbus.in/bus-tickets/baddi-himachal-pradesh-to-delhi
Kangra to Delhi,https://www.redbus.in/bus-tickets/kangra-to-delhi
Ghumarwin to Delhi,https://www.redbus.in/bus-tickets/ghumarwin-to-delhi
Delhi to Sarkaghat,https://www.redbus.in/bus-tickets/delhi-to-sarkaghat
